,cluster,team,season,count,player_count_active,player_count_inactive,player_count_prop_active,player_count_prop_inactive,cap_hit_prop_active,cap_hit_prop_inactive,pct,div_win_pct,conf_win_pct,w,l,pf,pa,net_pts
0,-1,buffalo-bills,2011,1,50.0,39.0,0.5617977528089888,0.4382022471910112,0.6488308704125249,0.3511691295874752,0.375,0.167,0.333,6.0,10.0,372.0,434.0,-62.0
1,-1,carolina-panthers,2024,1,52.0,164.0,0.2407407407407407,0.7592592592592593,0.5648873008392838,0.4351126991607162,0.294,0.333,0.333,5.0,12.0,341.0,534.0,-193.0
2,-1,chicago-bears,2012,1,58.0,31.0,0.651685393258427,0.348314606741573,0.8600453995280403,0.1399546004719597,0.625,0.5,0.583,10.0,6.0,375.0,277.0,98.0
3,-1,chicago-bears,2022,1,53.0,105.0,0.3354430379746835,0.6645569620253164,0.3847981287259814,0.6152018712740185,0.176,0.0,0.083,3.0,14.0,326.0,463.0,-137.0
4,-1,dallas-cowboys,2024,1,53.0,98.0,0.3509933774834437,0.6490066225165563,0.4055521960637089,0.594447803936291,0.412,0.5,0.417,7.0,10.0,350.0,468.0,-118.0
5,-1,denver-broncos,2012,1,56.0,37.0,0.6021505376344086,0.3978494623655914,0.8711530119411854,0.1288469880588145,0.813,1.0,0.833,13.0,3.0,481.0,289.0,192.0
6,-1,detroit-lions,2011,1,61.0,7.0,0.8970588235294118,0.1029411764705882,0.98662078586477,0.01337921413523,0.625,0.5,0.5,10.0,6.0,474.0,387.0,87.0
7,-1,detroit-lions,2021,1,56.0,112.0,0.3333333333333333,0.6666666666666666,0.3892308988624162,0.6107691011375839,0.206,0.333,0.25,3.0,13.0,325.0,467.0,-142.0
8,-1,indianapolis-colts,2012,1,54.0,41.0,0.5684210526315789,0.431578947368421,0.6208173519856401,0.3791826480143599,0.688,0.667,0.667,11.0,5.0,357.0,387.0,-30.0
9,-1,kansas-city-chiefs,2011,1,51.0,7.0,0.8793103448275862,0.1206896551724138,0.9856074026603838,0.0143925973396161,0.438,0.5,0.333,7.0,9.0,212.0,338.0,-126.0
10,-1,las-vegas-raiders,2012,1,60.0,27.0,0.6896551724137931,0.3103448275862069,0.6997890671324719,0.300210932867528,0.25,0.333,0.333,4.0,12.0,290.0,443.0,-153.0
11,-1,las-vegas-raiders,2013,1,54.0,62.0,0.4655172413793103,0.5344827586206896,0.4662032959882176,0.5337967040117825,0.25,0.167,0.333,4.0,12.0,322.0,453.0,-131.0
12,-1,los-angeles-rams,2013,1,53.0,43.0,0.5520833333333334,0.4479166666666667,0.5607755144313712,0.4392244855686288,0.438,0.167,0.333,7.0,9.0,348.0,364.0,-16.0
13,-1,miami-dolphins,2011,1,62.0,30.0,0.6739130434782609,0.3260869565217391,0.8579931482306912,0.1420068517693088,0.375,0.5,0.417,6.0,10.0,329.0,313.0,16.0
14,-1,miami-dolphins,2019,1,54.0,95.0,0.3624161073825503,0.6375838926174496,0.3463408981971826,0.6536591018028174,0.313,0.333,0.333,5.0,11.0,306.0,494.0,-188.0
15,-1,minnesota-vikings,2012,1,56.0,35.0,0.6153846153846154,0.3846153846153846,0.8707764533959925,0.1292235466040074,0.625,0.667,0.583,10.0,6.0,379.0,348.0,31.0
16,-1,new-england-patriots,2011,1,64.0,40.0,0.6153846153846154,0.3846153846153846,0.9337372120933956,0.0662627879066043,0.813,0.833,0.833,13.0,3.0,513.0,342.0,171.0
17,-1,new-orleans-saints,2012,1,56.0,21.0,0.7272727272727273,0.2727272727272727,0.8239127296222316,0.1760872703777684,0.438,0.5,0.417,7.0,9.0,461.0,454.0,7.0
18,-1,new-york-giants,2012,1,55.0,29.0,0.6547619047619048,0.3452380952380952,0.919144078246066,0.0808559217539339,0.563,0.5,0.667,9.0,7.0,429.0,344.0,85.0
19,-1,new-york-jets,2011,1,70.0,9.0,0.8860759493670886,0.1139240506329113,0.9217188221009528,0.0782811778990472,0.5,0.5,0.5,8.0,8.0,377.0,363.0,14.0
20,-1,san-francisco-49ers,2012,1,57.0,43.0,0.57,0.43,0.942940663732622,0.0570593362673779,0.719,0.583,0.625,11.0,4.0,397.0,273.0,124.0
21,-1,seattle-seahawks,2011,1,64.0,24.0,0.7272727272727273,0.2727272727272727,0.8090227191338897,0.1909772808661103,0.438,0.5,0.5,7.0,9.0,321.0,315.0,6.0
22,-1,seattle-seahawks,2012,1,56.0,24.0,0.7,0.3,0.7339553860717932,0.2660446139282068,0.688,0.5,0.667,11.0,5.0,412.0,245.0,167.0
23,-1,tampa-bay-buccaneers,2012,1,58.0,31.0,0.651685393258427,0.348314606741573,0.6908383706406572,0.3091616293593428,0.438,0.5,0.333,7.0,9.0,389.0,394.0,-5.0
24,-1,tennessee-titans,2022,1,51.0,130.0,0.281767955801105,0.7182320441988951,0.376289566968004,0.6237104330319959,0.412,0.5,0.417,7.0,10.0,298.0,359.0,-61.0
25,-1,washington-commanders,2011,1,66.0,27.0,0.7096774193548387,0.2903225806451613,0.8074815316414361,0.1925184683585638,0.313,0.333,0.417,5.0,11.0,288.0,367.0,-79.0
26,0,arizona-cardinals,2011,1,58.0,23.0,0.7160493827160493,0.2839506172839506,0.9371868394023,0.0628131605977002,0.5,0.667,0.583,8.0,8.0,312.0,348.0,-36.0
27,0,atlanta-falcons,2011,1,53.0,18.0,0.7464788732394366,0.2535211267605634,0.9259617263674468,0.0740382736325532,0.625,0.5,0.583,10.0,6.0,402.0,350.0,52.0
28,0,baltimore-ravens,2011,1,53.0,23.0,0.6973684210526315,0.3026315789473684,0.8882865549251246,0.1117134450748753,0.75,1.0,0.75,12.0,4.0,378.0,266.0,112.0
29,0,carolina-panthers,2011,1,65.0,17.0,0.7926829268292683,0.2073170731707317,0.958689899615114,0.0413101003848861,0.375,0.333,0.25,6.0,10.0,406.0,429.0,-23.0
30,0,chicago-bears,2011,1,58.0,13.0,0.8169014084507042,0.1830985915492957,0.9348530837212514,0.0651469162787485,0.5,0.5,0.583,8.0,8.0,353.0,341.0,12.0
31,0,cincinnati-bengals,2011,1,56.0,25.0,0.691358024691358,0.3086419753086419,0.9246336167948862,0.0753663832051137,0.563,0.333,0.5,9.0,7.0,344.0,323.0,21.0
32,0,cleveland-browns,2011,1,47.0,14.0,0.7704918032786885,0.2295081967213114,0.9236919045850752,0.0763080954149248,0.25,0.0,0.25,4.0,12.0,218.0,307.0,-89.0
33,0,dallas-cowboys,2011,1,56.0,20.0,0.7368421052631579,0.2631578947368421,0.8682961482813737,0.1317038517186263,0.5,0.333,0.5,8.0,8.0,369.0,347.0,22.0
34,0,denver-broncos,2011,1,58.0,19.0,0.7532467532467533,0.2467532467532467,0.8805424902979434,0.1194575097020565,0.5,0.5,0.5,8.0,8.0,309.0,390.0,-81.0
35,0,green-bay-packers,2011,1,59.0,16.0,0.7866666666666666,0.2133333333333333,0.971603395619928,0.0283966043800721,0.938,1.0,1.0,15.0,1.0,560.0,359.0,201.0
36,0,houston-texans,2011,1,56.0,18.0,0.7567567567567568,0.2432432432432432,0.9301468747842218,0.0698531252157782,0.625,0.667,0.667,10.0,6.0,381.0,278.0,103.0
37,0,indianapolis-colts,2011,1,59.0,16.0,0.7866666666666666,0.2133333333333333,0.9469591969828824,0.0530408030171176,0.125,0.333,0.167,2.0,14.0,243.0,430.0,-187.0
38,0,jacksonville-jaguars,2011,1,67.0,16.0,0.8072289156626506,0.1927710843373494,0.9251377088070424,0.0748622911929576,0.313,0.5,0.333,5.0,11.0,243.0,329.0,-86.0
39,0,las-vegas-raiders,2011,1,52.0,10.0,0.8387096774193549,0.1612903225806451,0.9578965212973454,0.0421034787026546,0.5,0.5,0.5,8.0,8.0,359.0,433.0,-74.0
40,0,los-angeles-chargers,2011,1,59.0,24.0,0.7108433734939759,0.2891566265060241,0.9054144480039787,0.0945855519960212,0.5,0.5,0.583,8.0,8.0,406.0,377.0,29.0
41,0,los-angeles-rams,2011,1,58.0,18.0,0.7631578947368421,0.2368421052631578,0.9705415368232664,0.0294584631767336,0.125,0.0,0.083,2.0,14.0,193.0,407.0,-214.0
42,0,minnesota-vikings,2011,1,57.0,19.0,0.75,0.25,0.898897605777042,0.101102394222958,0.188,0.0,0.25,3.0,13.0,340.0,449.0,-109.0
43,0,new-orleans-saints,2011,1,46.0,9.0,0.8363636363636363,0.1636363636363636,0.9245982873743184,0.0754017126256814,0.813,0.833,0.75,13.0,3.0,547.0,339.0,208.0
44,0,new-york-giants,2011,1,66.0,11.0,0.8571428571428571,0.1428571428571428,0.9638325135241584,0.0361674864758415,0.563,0.5,0.417,9.0,7.0,394.0,400.0,-6.0
45,0,philadelphia-eagles,2011,1,63.0,23.0,0.7325581395348837,0.2674418604651162,0.9429332684361476,0.0570667315638522,0.5,0.833,0.5,8.0,8.0,396.0,328.0,68.0
46,0,pittsburgh-steelers,2011,1,69.0,23.0,0.75,0.25,0.9028746962184844,0.0971253037815155,0.75,0.667,0.75,12.0,4.0,325.0,227.0,98.0
47,0,san-francisco-49ers,2011,1,65.0,21.0,0.7558139534883721,0.2441860465116279,0.945360305213452,0.054639694786548,0.813,0.833,0.833,13.0,3.0,380.0,229.0,151.0
48,0,tampa-bay-buccaneers,2011,1,54.0,13.0,0.8059701492537313,0.1940298507462686,0.9341173780571398,0.0658826219428602,0.25,0.333,0.25,4.0,12.0,287.0,494.0,-207.0
49,0,tennessee-titans,2011,1,59.0,9.0,0.8676470588235294,0.1323529411764706,0.9690521984832212,0.0309478015167789,0.563,0.5,0.583,9.0,7.0,325.0,317.0,8.0
50,1,arizona-cardinals,2012,1,53.0,30.0,0.6385542168674698,0.3614457831325301,0.7535743962476174,0.2464256037523826,0.313,0.167,0.25,5.0,11.0,250.0,357.0,-107.0
51,1,arizona-cardinals,2013,1,52.0,53.0,0.4952380952380952,0.5047619047619047,0.7694502726430741,0.2305497273569259,0.625,0.333,0.5,10.0,6.0,379.0,324.0,55.0
52,1,arizona-cardinals,2014,1,54.0,86.0,0.3857142857142857,0.6142857142857143,0.7003629654201645,0.2996370345798355,0.688,0.5,0.667,11.0,5.0,310.0,299.0,11.0
53,1,arizona-cardinals,2015,1,52.0,77.0,0.4031007751937984,0.5968992248062015,0.8340337784836407,0.1659662215163592,0.813,0.667,0.833,13.0,3.0,489.0,313.0,176.0
54,1,arizona-cardinals,2016,1,53.0,87.0,0.3785714285714285,0.6214285714285714,0.7140589608225523,0.2859410391774477,0.469,0.75,0.542,7.0,8.0,418.0,362.0,56.0
55,1,arizona-cardinals,2017,1,53.0,82.0,0.3925925925925926,0.6074074074074074,0.6169118901237418,0.3830881098762582,0.5,0.5,0.417,8.0,8.0,295.0,361.0,-66.0
56,1,arizona-cardinals,2018,1,53.0,94.0,0.3605442176870748,0.6394557823129252,0.6241286235554809,0.375871376444519,0.188,0.333,0.25,3.0,13.0,225.0,425.0,-200.0
57,1,arizona-cardinals,2019,1,53.0,90.0,0.3706293706293706,0.6293706293706294,0.616333361068302,0.3836666389316979,0.344,0.167,0.292,5.0,10.0,361.0,442.0,-81.0
58,1,arizona-cardinals,2020,1,53.0,106.0,0.3333333333333333,0.6666666666666666,0.6945136885399334,0.3054863114600665,0.5,0.333,0.5,8.0,8.0,410.0,367.0,43.0
59,1,arizona-cardinals,2021,1,56.0,101.0,0.3566878980891719,0.643312101910828,0.8056200196073173,0.1943799803926826,0.647,0.667,0.583,11.0,6.0,449.0,366.0,83.0
60,1,arizona-cardinals,2022,1,52.0,129.0,0.287292817679558,0.712707182320442,0.4792064777585684,0.5207935222414316,0.235,0.167,0.25,4.0,13.0,340.0,449.0,-109.0
61,1,arizona-cardinals,2023,1,53.0,130.0,0.2896174863387978,0.7103825136612022,0.4920273890728904,0.5079726109271095,0.235,0.0,0.25,4.0,13.0,330.0,455.0,-125.0
62,1,arizona-cardinals,2024,1,53.0,108.0,0.3291925465838509,0.6708074534161491,0.6406621030531325,0.3593378969468675,0.471,0.5,0.333,8.0,9.0,400.0,379.0,21.0
63,1,atlanta-falcons,2012,1,53.0,40.0,0.5698924731182796,0.4301075268817204,0.808455052821718,0.1915449471782819,0.813,0.5,0.75,13.0,3.0,419.0,299.0,120.0
64,1,atlanta-falcons,2013,1,53.0,63.0,0.4568965517241379,0.5431034482758621,0.7345959195830108,0.2654040804169891,0.25,0.167,0.25,4.0,12.0,353.0,443.0,-90.0
65,1,atlanta-falcons,2014,1,54.0,73.0,0.4251968503937008,0.5748031496062992,0.7785353368945578,0.2214646631054422,0.375,0.833,0.5,6.0,10.0,381.0,417.0,-36.0
66,1,atlanta-falcons,2015,1,53.0,92.0,0.3655172413793103,0.6344827586206897,0.7319691302005823,0.2680308697994176,0.5,0.167,0.417,8.0,8.0,339.0,345.0,-6.0
67,1,atlanta-falcons,2016,1,52.0,90.0,0.3661971830985915,0.6338028169014085,0.7321181439170201,0.2678818560829798,0.688,0.833,0.75,11.0,5.0,540.0,406.0,134.0
68,1,atlanta-falcons,2017,1,53.0,51.0,0.5096153846153846,0.4903846153846153,0.8862396296706297,0.1137603703293702,0.625,0.667,0.75,10.0,6.0,353.0,315.0,38.0
69,1,atlanta-falcons,2018,1,53.0,57.0,0.4818181818181818,0.5181818181818182,0.813902105110029,0.186097894889971,0.438,0.667,0.583,7.0,9.0,414.0,423.0,-9.0
70,1,atlanta-falcons,2019,1,52.0,89.0,0.3687943262411347,0.6312056737588653,0.7182647922595655,0.2817352077404345,0.438,0.667,0.5,7.0,9.0,381.0,399.0,-18.0
71,1,atlanta-falcons,2020,1,54.0,83.0,0.3941605839416058,0.6058394160583942,0.833568684711677,0.166431315288323,0.25,0.167,0.167,4.0,12.0,396.0,414.0,-18.0
72,1,atlanta-falcons,2021,1,55.0,92.0,0.3741496598639456,0.6258503401360545,0.7606287869079055,0.2393712130920945,0.412,0.333,0.333,7.0,10.0,313.0,459.0,-146.0
73,1,atlanta-falcons,2022,1,53.0,112.0,0.3212121212121212,0.6787878787878788,0.4684763200525099,0.5315236799474902,0.412,0.333,0.5,7.0,10.0,365.0,386.0,-21.0
74,1,atlanta-falcons,2023,1,54.0,99.0,0.3529411764705882,0.6470588235294118,0.7361475593069925,0.2638524406930075,0.412,0.5,0.333,7.0,10.0,321.0,373.0,-52.0
75,1,atlanta-falcons,2024,1,53.0,94.0,0.3605442176870748,0.6394557823129252,0.8684608917214311,0.1315391082785689,0.471,0.667,0.583,8.0,9.0,389.0,423.0,-34.0
76,1,baltimore-ravens,2012,1,56.0,47.0,0.5436893203883495,0.4563106796116505,0.7798366480993113,0.2201633519006886,0.625,0.667,0.667,10.0,6.0,398.0,344.0,54.0
77,1,baltimore-ravens,2013,1,53.0,57.0,0.4818181818181818,0.5181818181818182,0.8377455368135689,0.1622544631864311,0.5,0.5,0.5,8.0,8.0,320.0,352.0,-32.0
78,1,baltimore-ravens,2014,1,52.0,93.0,0.3586206896551724,0.6413793103448275,0.7699403350443843,0.2300596649556156,0.625,0.5,0.5,10.0,6.0,409.0,302.0,107.0
79,1,baltimore-ravens,2015,1,52.0,117.0,0.3076923076923077,0.6923076923076923,0.4639739748139477,0.5360260251860522,0.313,0.5,0.333,5.0,11.0,328.0,401.0,-73.0
80,1,baltimore-ravens,2016,1,53.0,81.0,0.3955223880597014,0.6044776119402985,0.7674019372209793,0.2325980627790207,0.5,0.667,0.583,8.0,8.0,343.0,321.0,22.0
81,1,baltimore-ravens,2017,1,53.0,76.0,0.4108527131782946,0.5891472868217055,0.7063327228232735,0.2936672771767264,0.563,0.5,0.583,9.0,7.0,395.0,303.0,92.0
82,1,baltimore-ravens,2018,1,53.0,62.0,0.4608695652173913,0.5391304347826087,0.8805458729269169,0.1194541270730831,0.625,0.5,0.667,10.0,6.0,389.0,287.0,102.0
83,1,baltimore-ravens,2019,1,53.0,76.0,0.4108527131782946,0.5891472868217055,0.7342149002712629,0.265785099728737,0.875,0.833,0.833,14.0,2.0,531.0,282.0,249.0
84,1,baltimore-ravens,2020,1,53.0,110.0,0.3251533742331288,0.6748466257668712,0.7105121390474107,0.2894878609525892,0.688,0.667,0.583,11.0,5.0,468.0,303.0,165.0
85,1,baltimore-ravens,2021,1,56.0,109.0,0.3393939393939394,0.6606060606060606,0.6193156636352242,0.3806843363647759,0.471,0.167,0.417,8.0,9.0,387.0,392.0,-5.0
86,1,baltimore-ravens,2022,1,53.0,107.0,0.33125,0.66875,0.7828145849876393,0.2171854150123606,0.588,0.5,0.5,10.0,7.0,350.0,315.0,35.0
87,1,baltimore-ravens,2023,1,53.0,101.0,0.3441558441558441,0.6558441558441559,0.7890928238653818,0.2109071761346181,0.765,0.5,0.667,13.0,4.0,483.0,280.0,203.0
88,1,baltimore-ravens,2024,1,54.0,100.0,0.3506493506493506,0.6493506493506493,0.8712149909629828,0.1287850090370172,0.706,0.667,0.667,12.0,5.0,518.0,361.0,157.0
89,1,buffalo-bills,2012,1,54.0,62.0,0.4655172413793103,0.5344827586206896,0.6002473866200598,0.3997526133799401,0.375,0.333,0.417,6.0,10.0,344.0,435.0,-91.0
90,1,buffalo-bills,2013,1,55.0,69.0,0.4435483870967742,0.5564516129032258,0.8102898986709257,0.1897101013290743,0.375,0.5,0.417,6.0,10.0,339.0,388.0,-49.0
91,1,buffalo-bills,2014,1,53.0,69.0,0.4344262295081967,0.5655737704918032,0.7466805638248522,0.2533194361751478,0.563,0.667,0.417,9.0,7.0,343.0,289.0,54.0
92,1,buffalo-bills,2015,1,53.0,98.0,0.3509933774834437,0.6490066225165563,0.6632058371904122,0.3367941628095878,0.5,0.667,0.583,8.0,8.0,379.0,359.0,20.0
93,1,buffalo-bills,2016,1,53.0,104.0,0.3375796178343949,0.6624203821656051,0.7384617836611276,0.2615382163388724,0.438,0.167,0.333,7.0,9.0,399.0,378.0,21.0
94,1,buffalo-bills,2017,1,52.0,85.0,0.3795620437956204,0.6204379562043796,0.6790221516696964,0.3209778483303037,0.563,0.5,0.583,9.0,7.0,302.0,359.0,-57.0
95,1,buffalo-bills,2018,1,53.0,79.0,0.4015151515151515,0.5984848484848485,0.5791222768077716,0.4208777231922283,0.375,0.333,0.333,6.0,10.0,269.0,374.0,-105.0
96,1,buffalo-bills,2019,1,53.0,63.0,0.4568965517241379,0.5431034482758621,0.8742339198823887,0.1257660801176112,0.625,0.5,0.583,10.0,6.0,314.0,259.0,55.0
97,1,buffalo-bills,2020,1,52.0,91.0,0.3636363636363636,0.6363636363636364,0.917228199147817,0.082771800852183,0.813,1.0,0.833,13.0,3.0,501.0,375.0,126.0
98,1,buffalo-bills,2021,1,55.0,99.0,0.3571428571428571,0.6428571428571429,0.8744402475116931,0.1255597524883068,0.647,0.833,0.583,11.0,6.0,483.0,289.0,194.0
99,1,buffalo-bills,2022,1,53.0,95.0,0.3581081081081081,0.6418918918918919,0.7898934479440999,0.2101065520559001,0.813,0.667,0.818,13.0,3.0,455.0,286.0,169.0
100,1,buffalo-bills,2023,1,53.0,88.0,0.375886524822695,0.624113475177305,0.7960900031979009,0.203909996802099,0.647,0.667,0.583,11.0,6.0,451.0,311.0,140.0
101,1,buffalo-bills,2024,1,53.0,112.0,0.3212121212121212,0.6787878787878788,0.6838374935458847,0.3161625064541152,0.765,0.833,0.75,13.0,4.0,525.0,368.0,157.0
102,1,carolina-panthers,2012,1,53.0,41.0,0.5638297872340425,0.4361702127659574,0.708177393512977,0.2918226064870229,0.438,0.5,0.417,7.0,9.0,357.0,363.0,-6.0
103,1,carolina-panthers,2013,1,53.0,65.0,0.4491525423728814,0.5508474576271186,0.655376268036181,0.344623731963819,0.75,0.833,0.75,12.0,4.0,366.0,241.0,125.0
104,1,carolina-panthers,2014,1,53.0,77.0,0.4076923076923077,0.5923076923076923,0.6598221043279925,0.3401778956720075,0.469,0.667,0.5,7.0,8.0,339.0,374.0,-35.0
105,1,carolina-panthers,2015,1,53.0,75.0,0.4140625,0.5859375,0.8331880573224428,0.1668119426775571,0.938,0.833,0.917,15.0,1.0,500.0,308.0,192.0
106,1,carolina-panthers,2016,1,53.0,80.0,0.3984962406015037,0.6015037593984962,0.7110406092282013,0.2889593907717987,0.375,0.167,0.417,6.0,10.0,369.0,402.0,-33.0
107,1,carolina-panthers,2017,1,51.0,70.0,0.4214876033057851,0.5785123966942148,0.8228235665374972,0.1771764334625028,0.688,0.5,0.583,11.0,5.0,363.0,327.0,36.0
108,1,carolina-panthers,2018,1,53.0,64.0,0.452991452991453,0.5470085470085471,0.7487750104479256,0.2512249895520744,0.438,0.333,0.417,7.0,9.0,376.0,382.0,-6.0
109,1,carolina-panthers,2019,1,53.0,72.0,0.424,0.576,0.6390034126784552,0.3609965873215448,0.313,0.167,0.167,5.0,11.0,340.0,470.0,-130.0
110,1,carolina-panthers,2020,1,53.0,108.0,0.3291925465838509,0.6708074534161491,0.5846581957495444,0.4153418042504557,0.313,0.167,0.333,5.0,11.0,350.0,402.0,-52.0
111,1,carolina-panthers,2021,1,56.0,106.0,0.345679012345679,0.654320987654321,0.5322569687615851,0.4677430312384149,0.294,0.333,0.25,5.0,12.0,304.0,404.0,-100.0
112,1,carolina-panthers,2022,1,53.0,95.0,0.3581081081081081,0.6418918918918919,0.6336214205524258,0.3663785794475743,0.412,0.667,0.5,7.0,10.0,347.0,374.0,-27.0
113,1,carolina-panthers,2023,1,53.0,122.0,0.3028571428571429,0.6971428571428572,0.5862179256982786,0.4137820743017215,0.118,0.167,0.083,2.0,15.0,236.0,416.0,-180.0
114,1,chicago-bears,2013,1,55.0,49.0,0.5288461538461539,0.4711538461538461,0.8012903295816968,0.1987096704183032,0.5,0.333,0.333,8.0,8.0,445.0,478.0,-33.0
115,1,chicago-bears,2014,1,54.0,81.0,0.4,0.6,0.6211553044615005,0.3788446955384995,0.313,0.167,0.333,5.0,11.0,319.0,442.0,-123.0
116,1,chicago-bears,2015,1,53.0,91.0,0.3680555555555556,0.6319444444444444,0.6358208005148483,0.3641791994851516,0.375,0.167,0.25,6.0,10.0,335.0,397.0,-62.0
117,1,chicago-bears,2016,1,53.0,106.0,0.3333333333333333,0.6666666666666666,0.4953465549736393,0.5046534450263607,0.188,0.333,0.25,3.0,13.0,279.0,399.0,-120.0
118,1,chicago-bears,2017,1,53.0,87.0,0.3785714285714285,0.6214285714285714,0.6595971516035902,0.3404028483964097,0.313,0.0,0.083,5.0,11.0,264.0,320.0,-56.0
119,1,chicago-bears,2018,1,53.0,44.0,0.5463917525773195,0.4536082474226804,0.846690154452267,0.1533098455477329,0.75,0.833,0.833,12.0,4.0,421.0,283.0,138.0
120,1,chicago-bears,2019,1,53.0,73.0,0.4206349206349206,0.5793650793650794,0.7707692658860911,0.2292307341139089,0.5,0.667,0.583,8.0,8.0,280.0,298.0,-18.0
121,1,chicago-bears,2020,1,53.0,97.0,0.3533333333333333,0.6466666666666666,0.8002360512700615,0.1997639487299384,0.5,0.333,0.5,8.0,8.0,372.0,370.0,2.0
122,1,chicago-bears,2021,1,53.0,90.0,0.3706293706293706,0.6293706293706294,0.6814333974197235,0.3185666025802765,0.353,0.333,0.333,6.0,11.0,311.0,407.0,-96.0
123,1,chicago-bears,2023,1,52.0,91.0,0.3636363636363636,0.6363636363636364,0.7519918374079572,0.2480081625920428,0.412,0.333,0.5,7.0,10.0,360.0,379.0,-19.0
124,1,chicago-bears,2024,1,53.0,87.0,0.3785714285714285,0.6214285714285714,0.8046041367195755,0.1953958632804245,0.294,0.167,0.25,5.0,12.0,310.0,370.0,-60.0
125,1,cincinnati-bengals,2012,1,54.0,34.0,0.6136363636363636,0.3863636363636363,0.7730801765342692,0.2269198234657308,0.625,0.5,0.583,10.0,6.0,391.0,320.0,71.0
126,1,cincinnati-bengals,2013,1,52.0,57.0,0.4770642201834862,0.5229357798165137,0.7314206381088857,0.2685793618911143,0.688,0.5,0.667,11.0,5.0,430.0,305.0,125.0
127,1,cincinnati-bengals,2014,1,55.0,67.0,0.4508196721311475,0.5491803278688525,0.8797272547349632,0.1202727452650368,0.656,0.5,0.583,10.0,5.0,365.0,344.0,21.0
128,1,cincinnati-bengals,2015,1,53.0,55.0,0.4907407407407407,0.5092592592592593,0.931814942656774,0.0681850573432261,0.75,0.833,0.75,12.0,4.0,419.0,279.0,140.0
129,1,cincinnati-bengals,2016,1,53.0,53.0,0.5,0.5,0.7757273278797242,0.2242726721202758,0.406,0.5,0.417,6.0,9.0,325.0,315.0,10.0
130,1,cincinnati-bengals,2017,1,52.0,56.0,0.4814814814814814,0.5185185185185185,0.7921939006799013,0.2078060993200987,0.438,0.5,0.5,7.0,9.0,290.0,349.0,-59.0
131,1,cincinnati-bengals,2018,1,53.0,59.0,0.4732142857142857,0.5267857142857143,0.6221814604171488,0.3778185395828511,0.375,0.167,0.333,6.0,10.0,368.0,455.0,-87.0
132,1,cincinnati-bengals,2019,1,52.0,76.0,0.40625,0.59375,0.7156266446741402,0.2843733553258599,0.125,0.167,0.167,2.0,14.0,279.0,420.0,-141.0
133,1,cincinnati-bengals,2020,1,54.0,91.0,0.3724137931034483,0.6275862068965518,0.5842145255597786,0.4157854744402214,0.281,0.167,0.333,4.0,11.0,311.0,424.0,-113.0
134,1,cincinnati-bengals,2021,1,61.0,82.0,0.4265734265734265,0.5734265734265734,0.8068513345371152,0.1931486654628847,0.588,0.667,0.667,10.0,7.0,460.0,376.0,84.0
135,1,cincinnati-bengals,2022,1,54.0,71.0,0.432,0.568,0.8330004536440017,0.1669995463559983,0.75,0.5,0.727,12.0,4.0,418.0,322.0,96.0
136,1,cincinnati-bengals,2023,1,53.0,69.0,0.4344262295081967,0.5655737704918032,0.7916825731711755,0.2083174268288244,0.529,0.167,0.333,9.0,8.0,366.0,384.0,-18.0
137,1,cincinnati-bengals,2024,1,52.0,92.0,0.3611111111111111,0.6388888888888888,0.716260427689569,0.2837395723104309,0.529,0.5,0.5,9.0,8.0,472.0,434.0,38.0
138,1,cleveland-browns,2012,1,61.0,30.0,0.6703296703296703,0.3296703296703296,0.8154020421333555,0.1845979578666444,0.313,0.333,0.417,5.0,11.0,302.0,368.0,-66.0
139,1,cleveland-browns,2013,1,52.0,59.0,0.4684684684684684,0.5315315315315315,0.7348411497683979,0.2651588502316022,0.25,0.333,0.25,4.0,12.0,308.0,406.0,-98.0
140,1,cleveland-browns,2014,1,55.0,80.0,0.4074074074074074,0.5925925925925926,0.7171951131841403,0.2828048868158597,0.438,0.333,0.333,7.0,9.0,299.0,337.0,-38.0
141,1,cleveland-browns,2015,1,53.0,72.0,0.424,0.576,0.730822801343611,0.269177198656389,0.188,0.167,0.167,3.0,13.0,278.0,432.0,-154.0
142,1,cleveland-browns,2016,1,55.0,83.0,0.3985507246376811,0.6014492753623188,0.6279716212007296,0.3720283787992704,0.063,0.0,0.083,1.0,15.0,264.0,452.0,-188.0
143,1,cleveland-browns,2017,1,53.0,86.0,0.381294964028777,0.6187050359712231,0.4975393014857039,0.5024606985142961,0.0,0.0,0.0,0.0,16.0,234.0,410.0,-176.0
144,1,cleveland-browns,2018,1,53.0,79.0,0.4015151515151515,0.5984848484848485,0.7829271857890251,0.2170728142109749,0.469,0.583,0.458,7.0,8.0,359.0,392.0,-33.0
145,1,cleveland-browns,2019,1,53.0,84.0,0.3868613138686131,0.6131386861313869,0.7339552510772555,0.2660447489227445,0.375,0.5,0.5,6.0,10.0,335.0,393.0,-58.0
146,1,cleveland-browns,2020,1,52.0,112.0,0.3170731707317073,0.6829268292682927,0.7213871557104976,0.2786128442895023,0.688,0.5,0.583,11.0,5.0,408.0,419.0,-11.0
147,1,cleveland-browns,2021,1,56.0,102.0,0.3544303797468354,0.6455696202531646,0.6241196536148454,0.3758803463851546,0.471,0.5,0.417,8.0,9.0,349.0,371.0,-22.0
148,1,cleveland-browns,2022,1,53.0,100.0,0.3464052287581699,0.6535947712418301,0.708791426109859,0.291208573890141,0.412,0.5,0.333,7.0,10.0,361.0,381.0,-20.0
149,1,cleveland-browns,2023,1,53.0,101.0,0.3441558441558441,0.6558441558441559,0.6137600296355683,0.3862399703644316,0.647,0.5,0.667,11.0,6.0,396.0,362.0,34.0
150,1,cleveland-browns,2024,1,52.0,134.0,0.2795698924731182,0.7204301075268817,0.523752035912541,0.4762479640874589,0.176,0.333,0.25,3.0,14.0,258.0,435.0,-177.0
151,1,dallas-cowboys,2012,1,58.0,53.0,0.5225225225225225,0.4774774774774775,0.7356555569074384,0.2643444430925615,0.5,0.5,0.417,8.0,8.0,376.0,400.0,-24.0
152,1,dallas-cowboys,2013,1,54.0,86.0,0.3857142857142857,0.6142857142857143,0.6197359157218126,0.3802640842781873,0.5,0.833,0.583,8.0,8.0,439.0,432.0,7.0
153,1,dallas-cowboys,2014,1,51.0,92.0,0.3566433566433566,0.6433566433566433,0.6734128007002153,0.3265871992997847,0.75,0.667,0.667,12.0,4.0,467.0,352.0,115.0
154,1,dallas-cowboys,2015,1,52.0,114.0,0.3132530120481928,0.6867469879518072,0.5814161088319049,0.4185838911680951,0.25,0.5,0.25,4.0,12.0,275.0,374.0,-99.0
155,1,dallas-cowboys,2016,1,51.0,75.0,0.4047619047619047,0.5952380952380952,0.9124397183253457,0.0875602816746544,0.813,0.5,0.75,13.0,3.0,421.0,306.0,115.0
156,1,dallas-cowboys,2017,1,54.0,60.0,0.4736842105263157,0.5263157894736842,0.7162854063148466,0.2837145936851533,0.563,0.833,0.583,9.0,7.0,354.0,332.0,22.0
157,1,dallas-cowboys,2018,1,52.0,62.0,0.4561403508771929,0.543859649122807,0.6963802024287892,0.3036197975712109,0.625,0.833,0.75,10.0,6.0,339.0,324.0,15.0
158,1,dallas-cowboys,2019,1,52.0,65.0,0.4444444444444444,0.5555555555555556,0.8162078959811196,0.1837921040188803,0.5,0.833,0.583,8.0,8.0,434.0,321.0,113.0
159,1,dallas-cowboys,2020,1,52.0,100.0,0.3421052631578947,0.6578947368421053,0.5679033598583072,0.4320966401416928,0.375,0.333,0.417,6.0,10.0,395.0,473.0,-78.0
160,1,dallas-cowboys,2021,1,58.0,83.0,0.4113475177304964,0.5886524822695035,0.8164134511836388,0.1835865488163611,0.706,1.0,0.833,12.0,5.0,530.0,358.0,172.0
161,1,dallas-cowboys,2022,1,53.0,108.0,0.3291925465838509,0.6708074534161491,0.7508296973260291,0.2491703026739709,0.706,0.667,0.667,12.0,5.0,467.0,342.0,125.0
162,1,dallas-cowboys,2023,1,53.0,92.0,0.3655172413793103,0.6344827586206897,0.835205408861842,0.1647945911381579,0.706,0.833,0.75,12.0,5.0,509.0,315.0,194.0
163,1,denver-broncos,2013,1,53.0,49.0,0.5196078431372549,0.4803921568627451,0.7247286813848866,0.2752713186151135,0.813,0.833,0.75,13.0,3.0,606.0,399.0,207.0
164,1,denver-broncos,2014,1,52.0,71.0,0.4227642276422764,0.5772357723577236,0.8913884129768742,0.1086115870231258,0.75,1.0,0.833,12.0,4.0,482.0,354.0,128.0
165,1,denver-broncos,2015,1,53.0,65.0,0.4491525423728814,0.5508474576271186,0.9281182967487576,0.0718817032512424,0.75,0.667,0.667,12.0,4.0,355.0,296.0,59.0
166,1,denver-broncos,2016,1,53.0,72.0,0.424,0.576,0.7658426359909967,0.2341573640090033,0.563,0.333,0.5,9.0,7.0,333.0,297.0,36.0
167,1,denver-broncos,2017,1,53.0,73.0,0.4206349206349206,0.5793650793650794,0.7783480611752982,0.2216519388247018,0.313,0.333,0.333,5.0,11.0,289.0,382.0,-93.0
168,1,denver-broncos,2018,1,53.0,85.0,0.3840579710144927,0.6159420289855072,0.6317082729150594,0.3682917270849405,0.375,0.333,0.333,6.0,10.0,329.0,349.0,-20.0
169,1,denver-broncos,2019,1,52.0,86.0,0.3768115942028985,0.6231884057971014,0.5778269977402407,0.4221730022597593,0.438,0.5,0.5,7.0,9.0,282.0,316.0,-34.0
170,1,denver-broncos,2020,1,53.0,93.0,0.363013698630137,0.636986301369863,0.5229059059672452,0.4770940940327548,0.313,0.167,0.333,5.0,11.0,323.0,446.0,-123.0
171,1,denver-broncos,2021,1,55.0,98.0,0.3594771241830065,0.6405228758169934,0.5695401908698413,0.4304598091301587,0.412,0.167,0.25,7.0,10.0,335.0,322.0,13.0
172,1,denver-broncos,2022,1,53.0,122.0,0.3028571428571429,0.6971428571428572,0.514968644716025,0.485031355283975,0.294,0.167,0.25,5.0,12.0,287.0,359.0,-72.0
173,1,denver-broncos,2023,1,53.0,94.0,0.3605442176870748,0.6394557823129252,0.747961619855277,0.2520383801447231,0.471,0.5,0.417,8.0,9.0,357.0,413.0,-56.0
174,1,denver-broncos,2024,1,52.0,96.0,0.3513513513513513,0.6486486486486487,0.5970335198540277,0.4029664801459722,0.588,0.5,0.5,10.0,7.0,425.0,311.0,114.0
175,1,detroit-lions,2012,1,58.0,38.0,0.6041666666666666,0.3958333333333333,0.8491381455112552,0.1508618544887448,0.25,0.0,0.25,4.0,12.0,372.0,437.0,-65.0
176,1,detroit-lions,2013,1,52.0,65.0,0.4444444444444444,0.5555555555555556,0.7667825366876275,0.2332174633123724,0.438,0.667,0.5,7.0,9.0,395.0,376.0,19.0
177,1,detroit-lions,2014,1,54.0,68.0,0.4426229508196721,0.5573770491803278,0.8481910107740981,0.1518089892259019,0.688,0.833,0.75,11.0,5.0,321.0,282.0,39.0
178,1,detroit-lions,2015,1,53.0,76.0,0.4108527131782946,0.5891472868217055,0.7475582825732195,0.2524417174267804,0.438,0.5,0.5,7.0,9.0,358.0,400.0,-42.0
179,1,detroit-lions,2016,1,53.0,83.0,0.3897058823529412,0.6102941176470589,0.775540630808039,0.2244593691919609,0.563,0.5,0.583,9.0,7.0,346.0,358.0,-12.0
180,1,detroit-lions,2017,1,52.0,96.0,0.3513513513513513,0.6486486486486487,0.8082300745812888,0.1917699254187111,0.563,0.833,0.667,9.0,7.0,410.0,376.0,34.0
181,1,detroit-lions,2018,1,53.0,86.0,0.381294964028777,0.6187050359712231,0.6243750946101133,0.3756249053898867,0.375,0.333,0.333,6.0,10.0,324.0,360.0,-36.0
182,1,detroit-lions,2019,1,53.0,86.0,0.381294964028777,0.6187050359712231,0.529427204310921,0.4705727956890789,0.219,0.0,0.208,3.0,12.0,341.0,423.0,-82.0
183,1,detroit-lions,2020,1,52.0,100.0,0.3421052631578947,0.6578947368421053,0.6772657129805291,0.3227342870194709,0.313,0.167,0.333,5.0,11.0,377.0,519.0,-142.0
184,1,detroit-lions,2022,1,53.0,107.0,0.33125,0.66875,0.7323987778879567,0.2676012221120432,0.529,0.833,0.583,9.0,8.0,453.0,427.0,26.0
185,1,detroit-lions,2023,1,52.0,106.0,0.3291139240506329,0.6708860759493671,0.7758477026898212,0.2241522973101788,0.706,0.667,0.667,12.0,5.0,461.0,395.0,66.0
186,1,detroit-lions,2024,1,52.0,130.0,0.2857142857142857,0.7142857142857143,0.6469164081879486,0.3530835918120514,0.882,1.0,0.917,15.0,2.0,564.0,342.0,222.0
187,1,green-bay-packers,2012,1,56.0,39.0,0.5894736842105263,0.4105263157894737,0.8650710987065159,0.1349289012934841,0.688,0.833,0.667,11.0,5.0,433.0,336.0,97.0
188,1,green-bay-packers,2013,1,52.0,54.0,0.490566037735849,0.5094339622641509,0.8344905426667587,0.1655094573332413,0.531,0.583,0.542,8.0,7.0,417.0,428.0,-11.0
189,1,green-bay-packers,2014,1,54.0,61.0,0.4695652173913043,0.5304347826086957,0.922211552219196,0.077788447780804,0.75,0.833,0.75,12.0,4.0,486.0,348.0,138.0
190,1,green-bay-packers,2015,1,52.0,63.0,0.4521739130434782,0.5478260869565217,0.8822881891166888,0.1177118108833112,0.625,0.5,0.583,10.0,6.0,368.0,323.0,45.0
191,1,green-bay-packers,2016,1,51.0,74.0,0.408,0.592,0.8717435797753053,0.1282564202246947,0.625,0.833,0.667,10.0,6.0,432.0,388.0,44.0
192,1,green-bay-packers,2017,1,53.0,73.0,0.4206349206349206,0.5793650793650794,0.6861112077035765,0.3138887922964236,0.438,0.333,0.417,7.0,9.0,320.0,384.0,-64.0
193,1,green-bay-packers,2018,1,53.0,81.0,0.3955223880597014,0.6044776119402985,0.7064857936872201,0.2935142063127799,0.406,0.25,0.292,6.0,9.0,376.0,400.0,-24.0
194,1,green-bay-packers,2019,1,53.0,58.0,0.4774774774774775,0.5225225225225225,0.8545864057026419,0.1454135942973581,0.813,1.0,0.833,13.0,3.0,376.0,313.0,63.0
195,1,green-bay-packers,2020,1,52.0,100.0,0.3421052631578947,0.6578947368421053,0.8292563726569661,0.170743627343034,0.813,0.833,0.833,13.0,3.0,509.0,369.0,140.0
196,1,green-bay-packers,2021,1,58.0,87.0,0.4,0.6,0.8961764322901945,0.1038235677098054,0.765,0.667,0.75,13.0,4.0,450.0,371.0,79.0
197,1,green-bay-packers,2022,1,53.0,88.0,0.375886524822695,0.624113475177305,0.7672183506848981,0.2327816493151019,0.471,0.5,0.5,8.0,9.0,370.0,371.0,-1.0
198,1,green-bay-packers,2023,1,53.0,89.0,0.3732394366197183,0.6267605633802817,0.5535073800762038,0.4464926199237962,0.529,0.667,0.583,9.0,8.0,383.0,350.0,33.0
199,1,green-bay-packers,2024,1,52.0,86.0,0.3768115942028985,0.6231884057971014,0.6142702664046468,0.3857297335953532,0.647,0.167,0.5,11.0,6.0,460.0,338.0,122.0
200,1,houston-texans,2012,1,58.0,33.0,0.6373626373626373,0.3626373626373626,0.7967076015750512,0.2032923984249488,0.75,0.833,0.833,12.0,4.0,416.0,331.0,85.0
201,1,houston-texans,2013,1,53.0,60.0,0.4690265486725664,0.5309734513274337,0.6253793594768525,0.3746206405231474,0.125,0.167,0.167,2.0,14.0,276.0,428.0,-152.0
202,1,houston-texans,2014,1,53.0,86.0,0.381294964028777,0.6187050359712231,0.7414777497570268,0.2585222502429731,0.563,0.667,0.667,9.0,7.0,372.0,307.0,65.0
203,1,houston-texans,2015,1,52.0,90.0,0.3661971830985915,0.6338028169014085,0.7207884762858701,0.2792115237141299,0.563,0.833,0.583,9.0,7.0,339.0,313.0,26.0
204,1,houston-texans,2016,1,53.0,74.0,0.4173228346456692,0.5826771653543307,0.7577633531834416,0.2422366468165585,0.563,0.833,0.583,9.0,7.0,279.0,328.0,-49.0
205,1,houston-texans,2017,1,53.0,100.0,0.3464052287581699,0.6535947712418301,0.6242657719337547,0.3757342280662453,0.25,0.167,0.25,4.0,12.0,338.0,436.0,-98.0
206,1,houston-texans,2018,1,53.0,87.0,0.3785714285714285,0.6214285714285714,0.816649789229364,0.1833502107706359,0.688,0.667,0.75,11.0,5.0,402.0,316.0,86.0
207,1,houston-texans,2019,1,53.0,93.0,0.363013698630137,0.636986301369863,0.7360772906475644,0.2639227093524355,0.625,0.667,0.667,10.0,6.0,378.0,385.0,-7.0
208,1,houston-texans,2020,1,55.0,100.0,0.3548387096774194,0.6451612903225806,0.6704281836381158,0.3295718163618841,0.25,0.333,0.25,4.0,12.0,384.0,464.0,-80.0
209,1,houston-texans,2021,1,56.0,112.0,0.3333333333333333,0.6666666666666666,0.6194920818478699,0.3805079181521301,0.235,0.5,0.333,4.0,13.0,280.0,452.0,-172.0
210,1,houston-texans,2022,1,52.0,105.0,0.3312101910828025,0.6687898089171974,0.5350714592320903,0.4649285407679097,0.206,0.583,0.292,3.0,13.0,289.0,420.0,-131.0
211,1,houston-texans,2023,1,53.0,128.0,0.292817679558011,0.7071823204419889,0.6264767811114199,0.3735232188885801,0.588,0.667,0.583,10.0,7.0,377.0,353.0,24.0
212,1,houston-texans,2024,1,53.0,113.0,0.3192771084337349,0.6807228915662651,0.7134152710796356,0.2865847289203643,0.588,0.833,0.667,10.0,7.0,372.0,372.0,0.0
213,1,indianapolis-colts,2013,1,53.0,66.0,0.4453781512605042,0.5546218487394958,0.7650719009029453,0.2349280990970546,0.688,1.0,0.75,11.0,5.0,391.0,336.0,55.0
214,1,indianapolis-colts,2014,1,52.0,86.0,0.3768115942028985,0.6231884057971014,0.7726678448666833,0.2273321551333167,0.688,1.0,0.75,11.0,5.0,458.0,369.0,89.0
215,1,indianapolis-colts,2015,1,52.0,113.0,0.3151515151515151,0.6848484848484848,0.75462477114277,0.2453752288572299,0.5,0.667,0.5,8.0,8.0,333.0,408.0,-75.0
216,1,indianapolis-colts,2016,1,53.0,90.0,0.3706293706293706,0.6293706293706294,0.7477304175474271,0.2522695824525728,0.5,0.5,0.417,8.0,8.0,411.0,392.0,19.0
217,1,indianapolis-colts,2017,1,53.0,111.0,0.3231707317073171,0.676829268292683,0.5775997265839429,0.4224002734160571,0.25,0.333,0.25,4.0,12.0,263.0,404.0,-141.0
218,1,indianapolis-colts,2018,1,52.0,115.0,0.311377245508982,0.688622754491018,0.8061845139259066,0.1938154860740934,0.625,0.667,0.583,10.0,6.0,433.0,344.0,89.0
219,1,indianapolis-colts,2019,1,53.0,79.0,0.4015151515151515,0.5984848484848485,0.7261774024810086,0.2738225975189914,0.438,0.5,0.417,7.0,9.0,361.0,373.0,-12.0
220,1,indianapolis-colts,2020,1,53.0,82.0,0.3925925925925926,0.6074074074074074,0.8118552086738635,0.1881447913261364,0.688,0.667,0.583,11.0,5.0,451.0,362.0,89.0
221,1,indianapolis-colts,2021,1,57.0,76.0,0.4285714285714285,0.5714285714285714,0.9112661060954684,0.0887338939045316,0.529,0.5,0.583,9.0,8.0,451.0,365.0,86.0
222,1,indianapolis-colts,2022,1,53.0,96.0,0.3557046979865771,0.6442953020134228,0.7150085119024392,0.2849914880975608,0.265,0.25,0.375,4.0,12.0,289.0,427.0,-138.0
223,1,indianapolis-colts,2023,1,52.0,114.0,0.3132530120481928,0.6867469879518072,0.6729165717469148,0.3270834282530853,0.529,0.5,0.583,9.0,8.0,396.0,415.0,-19.0
224,1,indianapolis-colts,2024,1,53.0,103.0,0.3397435897435897,0.6602564102564102,0.7964183533051417,0.2035816466948583,0.471,0.5,0.583,8.0,9.0,377.0,427.0,-50.0
225,1,jacksonville-jaguars,2012,1,57.0,46.0,0.5533980582524272,0.4466019417475728,0.7262546002451025,0.2737453997548976,0.125,0.333,0.167,2.0,14.0,255.0,444.0,-189.0
226,1,jacksonville-jaguars,2013,1,53.0,79.0,0.4015151515151515,0.5984848484848485,0.5558305006968066,0.4441694993031933,0.25,0.5,0.333,4.0,12.0,247.0,449.0,-202.0
227,1,jacksonville-jaguars,2014,1,53.0,93.0,0.363013698630137,0.636986301369863,0.6795711066417367,0.3204288933582633,0.188,0.167,0.167,3.0,13.0,249.0,412.0,-163.0
228,1,jacksonville-jaguars,2015,1,53.0,72.0,0.424,0.576,0.7900243504750049,0.2099756495249951,0.313,0.333,0.417,5.0,11.0,376.0,448.0,-72.0
229,1,jacksonville-jaguars,2016,1,52.0,70.0,0.4262295081967213,0.5737704918032787,0.7289673985210224,0.2710326014789775,0.188,0.333,0.167,3.0,13.0,318.0,400.0,-82.0
230,1,jacksonville-jaguars,2017,1,53.0,67.0,0.4416666666666666,0.5583333333333333,0.886508292845387,0.1134917071546129,0.625,0.667,0.75,10.0,6.0,417.0,268.0,149.0
231,1,jacksonville-jaguars,2018,1,53.0,86.0,0.381294964028777,0.6187050359712231,0.7088100490352557,0.2911899509647443,0.313,0.167,0.333,5.0,11.0,245.0,316.0,-71.0
232,1,jacksonville-jaguars,2019,1,53.0,99.0,0.3486842105263157,0.6513157894736842,0.6441876725741752,0.3558123274258248,0.375,0.333,0.5,6.0,10.0,300.0,397.0,-97.0
233,1,jacksonville-jaguars,2020,1,54.0,123.0,0.3050847457627119,0.6949152542372882,0.4768584163465829,0.523141583653417,0.063,0.167,0.083,1.0,15.0,306.0,492.0,-186.0
234,1,jacksonville-jaguars,2021,1,58.0,97.0,0.3741935483870968,0.6258064516129033,0.7031813836097799,0.2968186163902201,0.176,0.167,0.25,3.0,14.0,253.0,457.0,-204.0
235,1,jacksonville-jaguars,2022,1,51.0,86.0,0.3722627737226277,0.6277372262773723,0.6918925821977624,0.3081074178022375,0.529,0.667,0.667,9.0,8.0,404.0,350.0,54.0
236,1,jacksonville-jaguars,2023,1,53.0,74.0,0.4173228346456692,0.5826771653543307,0.8909487801863475,0.1090512198136524,0.529,0.667,0.5,9.0,8.0,377.0,371.0,6.0
237,1,jacksonville-jaguars,2024,1,53.0,101.0,0.3441558441558441,0.6558441558441559,0.5667718874476751,0.4332281125523249,0.235,0.5,0.333,4.0,13.0,320.0,435.0,-115.0
238,1,kansas-city-chiefs,2012,1,59.0,31.0,0.6555555555555556,0.3444444444444444,0.7841740262273066,0.2158259737726934,0.125,0.0,0.0,2.0,14.0,211.0,425.0,-214.0
239,1,kansas-city-chiefs,2013,1,52.0,72.0,0.4193548387096774,0.5806451612903226,0.8402388171176918,0.1597611828823082,0.688,0.333,0.583,11.0,5.0,430.0,305.0,125.0
240,1,kansas-city-chiefs,2014,1,53.0,85.0,0.3840579710144927,0.6159420289855072,0.7272307804923607,0.2727692195076393,0.563,0.5,0.583,9.0,7.0,353.0,281.0,72.0
241,1,kansas-city-chiefs,2015,1,52.0,77.0,0.4031007751937984,0.5968992248062015,0.7383726387636698,0.2616273612363302,0.688,0.833,0.833,11.0,5.0,405.0,287.0,118.0
242,1,kansas-city-chiefs,2016,1,53.0,82.0,0.3925925925925926,0.6074074074074074,0.7606933992029966,0.2393066007970033,0.75,1.0,0.75,12.0,4.0,389.0,311.0,78.0
243,1,kansas-city-chiefs,2017,1,51.0,74.0,0.408,0.592,0.8072420006577944,0.1927579993422055,0.625,0.833,0.667,10.0,6.0,415.0,339.0,76.0
244,1,kansas-city-chiefs,2018,1,52.0,58.0,0.4727272727272727,0.5272727272727272,0.8138027391822388,0.1861972608177612,0.75,0.833,0.833,12.0,4.0,565.0,421.0,144.0
245,1,kansas-city-chiefs,2019,1,53.0,63.0,0.4568965517241379,0.5431034482758621,0.8118548191745113,0.1881451808254886,0.75,1.0,0.75,12.0,4.0,451.0,308.0,143.0
246,1,kansas-city-chiefs,2020,1,51.0,85.0,0.375,0.625,0.8430486304488262,0.1569513695511738,0.875,0.667,0.833,14.0,2.0,473.0,362.0,111.0
247,1,kansas-city-chiefs,2021,1,54.0,83.0,0.3941605839416058,0.6058394160583942,0.8663195660861713,0.1336804339138286,0.706,0.833,0.583,12.0,5.0,480.0,364.0,116.0
248,1,kansas-city-chiefs,2022,1,53.0,82.0,0.3925925925925926,0.6074074074074074,0.8839722403515443,0.1160277596484557,0.824,1.0,0.75,14.0,3.0,496.0,369.0,127.0
249,1,kansas-city-chiefs,2023,1,53.0,70.0,0.4308943089430894,0.5691056910569106,0.8952663729125381,0.1047336270874619,0.647,0.667,0.75,11.0,6.0,371.0,294.0,77.0
250,1,kansas-city-chiefs,2024,1,53.0,89.0,0.3732394366197183,0.6267605633802817,0.883776876671277,0.1162231233287229,0.882,0.833,0.833,15.0,2.0,385.0,326.0,59.0
251,1,las-vegas-raiders,2014,1,55.0,73.0,0.4296875,0.5703125,0.6276812231992592,0.3723187768007407,0.188,0.167,0.167,3.0,13.0,253.0,452.0,-199.0
252,1,las-vegas-raiders,2015,1,54.0,89.0,0.3776223776223776,0.6223776223776224,0.6883435531082613,0.3116564468917386,0.438,0.5,0.583,7.0,9.0,359.0,399.0,-40.0
253,1,las-vegas-raiders,2016,1,53.0,51.0,0.5096153846153846,0.4903846153846153,0.868630648440428,0.1313693515595719,0.75,0.5,0.75,12.0,4.0,416.0,385.0,31.0
254,1,las-vegas-raiders,2017,1,53.0,48.0,0.5247524752475248,0.4752475247524752,0.8779824009816151,0.1220175990183849,0.375,0.333,0.417,6.0,10.0,301.0,373.0,-72.0
255,1,las-vegas-raiders,2018,1,53.0,95.0,0.3581081081081081,0.6418918918918919,0.6443360669332595,0.3556639330667404,0.25,0.167,0.25,4.0,12.0,290.0,467.0,-177.0
256,1,las-vegas-raiders,2019,1,51.0,92.0,0.3566433566433566,0.6433566433566433,0.6888425917481962,0.3111574082518039,0.438,0.5,0.417,7.0,9.0,313.0,419.0,-106.0
257,1,las-vegas-raiders,2020,1,53.0,87.0,0.3785714285714285,0.6214285714285714,0.7747879825065794,0.2252120174934205,0.5,0.667,0.5,8.0,8.0,434.0,478.0,-44.0
258,1,las-vegas-raiders,2021,1,54.0,97.0,0.3576158940397351,0.6423841059602649,0.6817978198753406,0.3182021801246594,0.588,0.5,0.667,10.0,7.0,374.0,439.0,-65.0
259,1,las-vegas-raiders,2022,1,53.0,117.0,0.3117647058823529,0.6882352941176471,0.612068709357617,0.3879312906423829,0.353,0.5,0.417,6.0,11.0,395.0,418.0,-23.0
260,1,las-vegas-raiders,2023,1,52.0,109.0,0.3229813664596273,0.6770186335403726,0.6975473846094626,0.3024526153905373,0.471,0.667,0.5,8.0,9.0,332.0,331.0,1.0
261,1,las-vegas-raiders,2024,1,54.0,101.0,0.3483870967741935,0.6516129032258065,0.4937462516867079,0.5062537483132922,0.235,0.0,0.25,4.0,13.0,309.0,434.0,-125.0
262,1,los-angeles-chargers,2012,1,55.0,31.0,0.6395348837209303,0.3604651162790697,0.749617083613538,0.250382916386462,0.438,0.667,0.583,7.0,9.0,350.0,350.0,0.0
263,1,los-angeles-chargers,2013,1,53.0,59.0,0.4732142857142857,0.5267857142857143,0.7809118855653091,0.2190881144346909,0.563,0.667,0.5,9.0,7.0,396.0,348.0,48.0
264,1,los-angeles-chargers,2014,1,54.0,89.0,0.3776223776223776,0.6223776223776224,0.7064059481486903,0.2935940518513097,0.563,0.333,0.5,9.0,7.0,348.0,348.0,0.0
265,1,los-angeles-chargers,2015,1,53.0,113.0,0.3192771084337349,0.6807228915662651,0.6490493975928855,0.3509506024071145,0.25,0.0,0.25,4.0,12.0,320.0,398.0,-78.0
266,1,los-angeles-chargers,2016,1,53.0,91.0,0.3680555555555556,0.6319444444444444,0.653757921598011,0.3462420784019889,0.313,0.167,0.333,5.0,11.0,410.0,423.0,-13.0
267,1,los-angeles-chargers,2017,1,53.0,68.0,0.4380165289256198,0.5619834710743802,0.8058570187188152,0.1941429812811848,0.563,0.5,0.5,9.0,7.0,355.0,272.0,83.0
268,1,los-angeles-chargers,2018,1,53.0,62.0,0.4608695652173913,0.5391304347826087,0.8149124601612834,0.1850875398387166,0.75,0.667,0.75,12.0,4.0,428.0,329.0,99.0
269,1,los-angeles-chargers,2019,1,53.0,70.0,0.4308943089430894,0.5691056910569106,0.8440917146076523,0.1559082853923476,0.313,0.0,0.25,5.0,11.0,337.0,345.0,-8.0
270,1,los-angeles-chargers,2020,1,55.0,76.0,0.4198473282442748,0.5801526717557252,0.6852399886481767,0.3147600113518233,0.438,0.5,0.5,7.0,9.0,384.0,426.0,-42.0
271,1,los-angeles-chargers,2021,1,53.0,70.0,0.4308943089430894,0.5691056910569106,0.8729191861542198,0.1270808138457801,0.529,0.5,0.5,9.0,8.0,474.0,459.0,15.0
272,1,los-angeles-chargers,2022,1,53.0,88.0,0.375886524822695,0.624113475177305,0.8264581525702739,0.1735418474297261,0.588,0.333,0.583,10.0,7.0,391.0,384.0,7.0
273,1,los-angeles-chargers,2023,1,53.0,91.0,0.3680555555555556,0.6319444444444444,0.6065673243758186,0.3934326756241814,0.294,0.167,0.25,5.0,12.0,346.0,398.0,-52.0
274,1,los-angeles-chargers,2024,1,53.0,121.0,0.3045977011494253,0.6954022988505747,0.7060535520806609,0.2939464479193391,0.647,0.667,0.667,11.0,6.0,402.0,301.0,101.0
275,1,los-angeles-rams,2012,1,55.0,38.0,0.5913978494623656,0.4086021505376344,0.8078715582215008,0.1921284417784992,0.469,0.75,0.542,7.0,8.0,299.0,348.0,-49.0
276,1,los-angeles-rams,2014,1,53.0,68.0,0.4380165289256198,0.5619834710743802,0.6981511485586905,0.3018488514413095,0.375,0.333,0.333,6.0,10.0,324.0,354.0,-30.0
277,1,los-angeles-rams,2015,1,53.0,83.0,0.3897058823529412,0.6102941176470589,0.6682060638343772,0.3317939361656228,0.438,0.667,0.5,7.0,9.0,280.0,330.0,-50.0
278,1,los-angeles-rams,2016,1,53.0,74.0,0.4173228346456692,0.5826771653543307,0.7326407771336781,0.2673592228663219,0.25,0.333,0.25,4.0,12.0,224.0,394.0,-170.0
279,1,los-angeles-rams,2017,1,53.0,63.0,0.4568965517241379,0.5431034482758621,0.8736447947193234,0.1263552052806765,0.688,0.667,0.583,11.0,5.0,478.0,329.0,149.0
280,1,los-angeles-rams,2018,1,53.0,63.0,0.4568965517241379,0.5431034482758621,0.8817511665157818,0.1182488334842181,0.813,1.0,0.75,13.0,3.0,527.0,384.0,143.0
281,1,los-angeles-rams,2019,1,53.0,49.0,0.5196078431372549,0.4803921568627451,0.8969822552118604,0.1030177447881396,0.563,0.5,0.583,9.0,7.0,394.0,364.0,30.0
282,1,los-angeles-rams,2020,1,53.0,76.0,0.4108527131782946,0.5891472868217055,0.7817479061402801,0.2182520938597199,0.625,0.5,0.75,10.0,6.0,372.0,296.0,76.0
283,1,los-angeles-rams,2021,1,54.0,108.0,0.3333333333333333,0.6666666666666666,0.6611960580979585,0.3388039419020416,0.706,0.5,0.667,12.0,5.0,460.0,372.0,88.0
284,1,los-angeles-rams,2022,1,54.0,104.0,0.3417721518987341,0.6582278481012658,0.5667912047764121,0.4332087952235879,0.294,0.167,0.25,5.0,12.0,307.0,384.0,-77.0
285,1,los-angeles-rams,2023,1,52.0,97.0,0.348993288590604,0.6510067114093959,0.6072553259208199,0.3927446740791801,0.588,0.833,0.667,10.0,7.0,404.0,377.0,27.0
286,1,los-angeles-rams,2024,1,53.0,93.0,0.363013698630137,0.636986301369863,0.8226347736979731,0.1773652263020269,0.588,0.667,0.5,10.0,7.0,367.0,386.0,-19.0
287,1,miami-dolphins,2012,1,63.0,48.0,0.5675675675675675,0.4324324324324324,0.7316335413898349,0.268366458610165,0.438,0.333,0.417,7.0,9.0,288.0,317.0,-29.0
288,1,miami-dolphins,2013,1,53.0,69.0,0.4344262295081967,0.5655737704918032,0.7220362590257949,0.2779637409742051,0.5,0.333,0.583,8.0,8.0,317.0,335.0,-18.0
289,1,miami-dolphins,2014,1,51.0,104.0,0.3290322580645161,0.6709677419354839,0.7352926620892438,0.2647073379107561,0.5,0.5,0.5,8.0,8.0,388.0,373.0,15.0
290,1,miami-dolphins,2015,1,52.0,112.0,0.3170731707317073,0.6829268292682927,0.6251194514570427,0.3748805485429572,0.375,0.167,0.333,6.0,10.0,310.0,389.0,-79.0
291,1,miami-dolphins,2016,1,50.0,74.0,0.4032258064516129,0.5967741935483871,0.6508629152474678,0.3491370847525322,0.625,0.667,0.583,10.0,6.0,363.0,380.0,-17.0
292,1,miami-dolphins,2017,1,53.0,59.0,0.4732142857142857,0.5267857142857143,0.5959627033764683,0.4040372966235317,0.375,0.333,0.417,6.0,10.0,281.0,393.0,-112.0
293,1,miami-dolphins,2018,1,53.0,68.0,0.4380165289256198,0.5619834710743802,0.7253985576726827,0.2746014423273173,0.438,0.667,0.5,7.0,9.0,319.0,433.0,-114.0
294,1,miami-dolphins,2020,1,53.0,77.0,0.4076923076923077,0.5923076923076923,0.7718901723794906,0.2281098276205093,0.625,0.5,0.583,10.0,6.0,404.0,338.0,66.0
295,1,miami-dolphins,2021,1,55.0,87.0,0.3873239436619718,0.6126760563380281,0.7657899428983659,0.234210057101634,0.529,0.667,0.5,9.0,8.0,341.0,373.0,-32.0
296,1,miami-dolphins,2022,1,53.0,89.0,0.3732394366197183,0.6267605633802817,0.7182005550245,0.2817994449755001,0.529,0.5,0.583,9.0,8.0,397.0,399.0,-2.0
297,1,miami-dolphins,2023,1,53.0,93.0,0.363013698630137,0.636986301369863,0.7716087115826744,0.2283912884173256,0.647,0.667,0.583,11.0,6.0,496.0,391.0,105.0
298,1,miami-dolphins,2024,1,53.0,109.0,0.3271604938271605,0.6728395061728395,0.5805018835294469,0.4194981164705531,0.471,0.5,0.5,8.0,9.0,345.0,364.0,-19.0
299,1,minnesota-vikings,2013,1,54.0,59.0,0.4778761061946903,0.5221238938053098,0.9083233569157012,0.0916766430842987,0.344,0.417,0.375,5.0,10.0,391.0,480.0,-89.0
300,1,minnesota-vikings,2014,1,54.0,87.0,0.3829787234042553,0.6170212765957447,0.6771413140191547,0.3228586859808453,0.438,0.167,0.5,7.0,9.0,325.0,343.0,-18.0
301,1,minnesota-vikings,2015,1,53.0,72.0,0.424,0.576,0.8036917470286976,0.1963082529713024,0.688,0.833,0.667,11.0,5.0,365.0,302.0,63.0
302,1,minnesota-vikings,2016,1,53.0,67.0,0.4416666666666666,0.5583333333333333,0.7577975877464982,0.2422024122535018,0.5,0.333,0.417,8.0,8.0,327.0,307.0,20.0
303,1,minnesota-vikings,2017,1,53.0,58.0,0.4774774774774775,0.5225225225225225,0.7667853779517159,0.2332146220482841,0.813,0.833,0.833,13.0,3.0,382.0,252.0,130.0
304,1,minnesota-vikings,2018,1,53.0,64.0,0.452991452991453,0.5470085470085471,0.9106468389233092,0.0893531610766908,0.531,0.583,0.542,8.0,7.0,360.0,341.0,19.0
305,1,minnesota-vikings,2019,1,51.0,73.0,0.4112903225806452,0.5887096774193549,0.9274904732933262,0.0725095267066737,0.625,0.333,0.583,10.0,6.0,407.0,303.0,104.0
306,1,minnesota-vikings,2020,1,52.0,101.0,0.3398692810457516,0.6601307189542484,0.57787074643569,0.4221292535643099,0.438,0.667,0.417,7.0,9.0,430.0,475.0,-45.0
307,1,minnesota-vikings,2021,1,56.0,93.0,0.3758389261744966,0.6241610738255033,0.6263618078983123,0.3736381921016877,0.471,0.667,0.5,8.0,9.0,425.0,426.0,-1.0
308,1,minnesota-vikings,2022,1,54.0,83.0,0.3941605839416058,0.6058394160583942,0.7795386998688,0.2204613001312,0.765,0.667,0.667,13.0,4.0,424.0,427.0,-3.0
309,1,minnesota-vikings,2023,1,52.0,105.0,0.3312101910828025,0.6687898089171974,0.5736422809183153,0.4263577190816847,0.412,0.333,0.5,7.0,10.0,344.0,362.0,-18.0
310,1,minnesota-vikings,2024,1,52.0,107.0,0.3270440251572327,0.6729559748427673,0.6510547394843448,0.3489452605156553,0.824,0.667,0.75,14.0,3.0,432.0,332.0,100.0
311,1,new-england-patriots,2012,1,63.0,65.0,0.4921875,0.5078125,0.7942748863358133,0.2057251136641866,0.75,1.0,0.917,12.0,4.0,557.0,331.0,226.0
312,1,new-england-patriots,2013,1,53.0,79.0,0.4015151515151515,0.5984848484848485,0.6835394511246374,0.3164605488753625,0.75,0.667,0.75,12.0,4.0,444.0,338.0,106.0
313,1,new-england-patriots,2014,1,54.0,92.0,0.3698630136986301,0.6301369863013698,0.8186650158653281,0.1813349841346719,0.75,0.667,0.75,12.0,4.0,468.0,313.0,155.0
314,1,new-england-patriots,2015,1,52.0,118.0,0.3058823529411765,0.6941176470588235,0.6822632616611253,0.3177367383388747,0.75,0.667,0.75,12.0,4.0,465.0,315.0,150.0
315,1,new-england-patriots,2016,1,53.0,79.0,0.4015151515151515,0.5984848484848485,0.7964545874583633,0.2035454125416367,0.875,0.833,0.917,14.0,2.0,441.0,250.0,191.0
316,1,new-england-patriots,2017,1,52.0,81.0,0.3909774436090225,0.6090225563909775,0.7908236811877379,0.2091763188122621,0.813,0.833,0.833,13.0,3.0,458.0,296.0,162.0
317,1,new-england-patriots,2018,1,52.0,79.0,0.3969465648854962,0.6030534351145038,0.8861151766083964,0.1138848233916036,0.688,0.833,0.667,11.0,5.0,436.0,325.0,111.0
318,1,new-england-patriots,2019,1,53.0,86.0,0.381294964028777,0.6187050359712231,0.8032982316648577,0.1967017683351422,0.75,0.833,0.667,12.0,4.0,420.0,225.0,195.0
319,1,new-england-patriots,2020,1,53.0,118.0,0.3099415204678362,0.6900584795321637,0.5571766863028881,0.442823313697112,0.438,0.5,0.5,7.0,9.0,326.0,353.0,-27.0
320,1,new-england-patriots,2021,1,59.0,90.0,0.3959731543624161,0.6040268456375839,0.7357737632282094,0.2642262367717906,0.588,0.5,0.667,10.0,7.0,462.0,303.0,159.0
321,1,new-england-patriots,2022,1,53.0,87.0,0.3785714285714285,0.6214285714285714,0.7746235930969089,0.2253764069030911,0.471,0.5,0.5,8.0,9.0,364.0,347.0,17.0
322,1,new-england-patriots,2023,1,53.0,92.0,0.3655172413793103,0.6344827586206897,0.5530591144914996,0.4469408855085003,0.235,0.333,0.333,4.0,13.0,236.0,366.0,-130.0
323,1,new-england-patriots,2024,1,53.0,112.0,0.3212121212121212,0.6787878787878788,0.5662357283980046,0.4337642716019954,0.235,0.333,0.25,4.0,13.0,289.0,417.0,-128.0
324,1,new-orleans-saints,2013,1,55.0,45.0,0.55,0.45,0.7847748189945007,0.2152251810054992,0.688,0.833,0.75,11.0,5.0,414.0,304.0,110.0
325,1,new-orleans-saints,2014,1,54.0,83.0,0.3941605839416058,0.6058394160583942,0.7690943526084562,0.2309056473915438,0.438,0.5,0.5,7.0,9.0,401.0,424.0,-23.0
326,1,new-orleans-saints,2015,1,53.0,111.0,0.3231707317073171,0.676829268292683,0.6532945477470583,0.3467054522529417,0.438,0.5,0.417,7.0,9.0,408.0,476.0,-68.0
327,1,new-orleans-saints,2016,1,53.0,84.0,0.3868613138686131,0.6131386861313869,0.5900596705339762,0.4099403294660238,0.438,0.333,0.5,7.0,9.0,469.0,454.0,15.0
328,1,new-orleans-saints,2017,1,51.0,102.0,0.3333333333333333,0.6666666666666666,0.6045242177313446,0.3954757822686555,0.688,0.667,0.667,11.0,5.0,448.0,326.0,122.0
329,1,new-orleans-saints,2018,1,51.0,88.0,0.3669064748201439,0.6330935251798561,0.7892309719005944,0.2107690280994056,0.813,0.667,0.75,13.0,3.0,504.0,353.0,151.0
330,1,new-orleans-saints,2019,1,52.0,76.0,0.40625,0.59375,0.8153906364724878,0.1846093635275122,0.813,0.833,0.75,13.0,3.0,458.0,341.0,117.0
331,1,new-orleans-saints,2020,1,53.0,84.0,0.3868613138686131,0.6131386861313869,0.8314295513075929,0.1685704486924071,0.75,1.0,0.833,12.0,4.0,482.0,337.0,145.0
332,1,new-orleans-saints,2021,1,54.0,110.0,0.3292682926829268,0.6707317073170732,0.5810824622563528,0.4189175377436472,0.529,0.667,0.583,9.0,8.0,364.0,335.0,29.0
333,1,new-orleans-saints,2022,1,54.0,113.0,0.3233532934131736,0.6766467065868264,0.63510443441274,0.36489556558726,0.412,0.333,0.417,7.0,10.0,330.0,345.0,-15.0
334,1,new-orleans-saints,2023,1,54.0,109.0,0.3312883435582822,0.6687116564417178,0.6259012528088284,0.3740987471911716,0.529,0.667,0.5,9.0,8.0,402.0,327.0,75.0
335,1,new-orleans-saints,2024,1,52.0,108.0,0.325,0.675,0.5638308950074555,0.4361691049925444,0.294,0.333,0.333,5.0,12.0,338.0,398.0,-60.0
336,1,new-york-giants,2013,1,55.0,64.0,0.4621848739495798,0.5378151260504201,0.7320876038068719,0.2679123961931281,0.438,0.5,0.5,7.0,9.0,294.0,383.0,-89.0
337,1,new-york-giants,2014,1,54.0,73.0,0.4251968503937008,0.5748031496062992,0.6438273355984958,0.3561726644015041,0.375,0.333,0.333,6.0,10.0,380.0,400.0,-20.0
338,1,new-york-giants,2015,1,53.0,101.0,0.3441558441558441,0.6558441558441559,0.613257231516652,0.386742768483348,0.375,0.333,0.333,6.0,10.0,420.0,442.0,-22.0
339,1,new-york-giants,2016,1,53.0,71.0,0.4274193548387097,0.5725806451612904,0.8217855133996387,0.1782144866003613,0.688,0.667,0.667,11.0,5.0,310.0,284.0,26.0
340,1,new-york-giants,2017,1,54.0,87.0,0.3829787234042553,0.6170212765957447,0.624716817330504,0.3752831826694959,0.188,0.167,0.083,3.0,13.0,246.0,388.0,-142.0
341,1,new-york-giants,2018,1,53.0,72.0,0.424,0.576,0.6874378607064741,0.312562139293526,0.313,0.167,0.333,5.0,11.0,369.0,412.0,-43.0
342,1,new-york-giants,2019,1,53.0,97.0,0.3533333333333333,0.6466666666666666,0.6428061478589161,0.3571938521410839,0.25,0.333,0.25,4.0,12.0,341.0,451.0,-110.0
343,1,new-york-giants,2020,1,53.0,117.0,0.3117647058823529,0.6882352941176471,0.7765277183888685,0.2234722816111315,0.375,0.667,0.417,6.0,10.0,280.0,357.0,-77.0
344,1,new-york-giants,2021,1,49.0,120.0,0.2899408284023668,0.7100591715976331,0.6678490197823812,0.3321509802176188,0.235,0.167,0.25,4.0,13.0,258.0,416.0,-158.0
345,1,new-york-giants,2022,1,53.0,122.0,0.3028571428571429,0.6971428571428572,0.6542329080735368,0.3457670919264632,0.559,0.25,0.375,9.0,7.0,365.0,371.0,-6.0
346,1,new-york-giants,2023,1,53.0,101.0,0.3441558441558441,0.6558441558441559,0.5814921990607768,0.4185078009392233,0.353,0.5,0.417,6.0,11.0,266.0,407.0,-141.0
347,1,new-york-giants,2024,1,52.0,132.0,0.2826086956521739,0.717391304347826,0.4497213194391307,0.5502786805608693,0.176,0.0,0.083,3.0,14.0,273.0,415.0,-142.0
348,1,new-york-jets,2012,1,65.0,52.0,0.5555555555555556,0.4444444444444444,0.7738321316458073,0.2261678683541926,0.375,0.333,0.333,6.0,10.0,281.0,375.0,-94.0
349,1,new-york-jets,2013,1,54.0,65.0,0.453781512605042,0.5462184873949579,0.6557652780197712,0.3442347219802288,0.5,0.5,0.417,8.0,8.0,290.0,387.0,-97.0
350,1,new-york-jets,2014,1,53.0,66.0,0.4453781512605042,0.5546218487394958,0.7858933974905626,0.2141066025094373,0.25,0.167,0.333,4.0,12.0,283.0,401.0,-118.0
351,1,new-york-jets,2015,1,53.0,81.0,0.3955223880597014,0.6044776119402985,0.8854283447996179,0.1145716552003821,0.625,0.5,0.583,10.0,6.0,387.0,314.0,73.0
352,1,new-york-jets,2016,1,54.0,102.0,0.3461538461538461,0.6538461538461539,0.6159762518620009,0.384023748137999,0.313,0.333,0.333,5.0,11.0,275.0,409.0,-134.0
353,1,new-york-jets,2017,1,53.0,85.0,0.3840579710144927,0.6159420289855072,0.6791949293841534,0.3208050706158465,0.313,0.333,0.417,5.0,11.0,298.0,382.0,-84.0
354,1,new-york-jets,2018,1,52.0,71.0,0.4227642276422764,0.5772357723577236,0.6167961775751695,0.3832038224248306,0.25,0.167,0.25,4.0,12.0,333.0,441.0,-108.0
355,1,new-york-jets,2019,1,53.0,85.0,0.3840579710144927,0.6159420289855072,0.5129801648002333,0.4870198351997666,0.438,0.333,0.333,7.0,9.0,276.0,359.0,-83.0
356,1,new-york-jets,2020,1,53.0,96.0,0.3557046979865771,0.6442953020134228,0.4741352446202247,0.5258647553797753,0.125,0.0,0.083,2.0,14.0,243.0,457.0,-214.0
357,1,new-york-jets,2021,1,55.0,101.0,0.3525641025641026,0.6474358974358975,0.428581826747049,0.571418173252951,0.235,0.0,0.333,4.0,13.0,310.0,504.0,-194.0
358,1,new-york-jets,2022,1,54.0,93.0,0.3673469387755102,0.6326530612244898,0.7571247017683486,0.2428752982316514,0.412,0.333,0.417,7.0,10.0,296.0,316.0,-20.0
359,1,new-york-jets,2023,1,54.0,119.0,0.3121387283236994,0.6878612716763006,0.6469560211523399,0.3530439788476601,0.412,0.333,0.333,7.0,10.0,268.0,355.0,-87.0
360,1,new-york-jets,2024,1,53.0,136.0,0.2804232804232804,0.7195767195767195,0.606612256315357,0.393387743684643,0.294,0.333,0.417,5.0,12.0,338.0,404.0,-66.0
361,1,philadelphia-eagles,2012,1,59.0,44.0,0.5728155339805825,0.4271844660194174,0.7578943439747722,0.2421056560252278,0.25,0.167,0.167,4.0,12.0,280.0,444.0,-164.0
362,1,philadelphia-eagles,2013,1,53.0,58.0,0.4774774774774775,0.5225225225225225,0.8507950500931575,0.1492049499068424,0.625,0.667,0.75,10.0,6.0,442.0,382.0,60.0
363,1,philadelphia-eagles,2014,1,53.0,67.0,0.4416666666666666,0.5583333333333333,0.8656470849083914,0.1343529150916085,0.625,0.667,0.5,10.0,6.0,474.0,400.0,74.0
364,1,philadelphia-eagles,2015,1,53.0,86.0,0.381294964028777,0.6187050359712231,0.8241460067678874,0.1758539932321126,0.438,0.5,0.333,7.0,9.0,377.0,430.0,-53.0
365,1,philadelphia-eagles,2016,1,52.0,90.0,0.3661971830985915,0.6338028169014085,0.783249582282313,0.2167504177176869,0.438,0.333,0.417,7.0,9.0,367.0,331.0,36.0
366,1,philadelphia-eagles,2017,1,53.0,82.0,0.3925925925925926,0.6074074074074074,0.756960464315134,0.243039535684866,0.813,0.833,0.833,13.0,3.0,457.0,295.0,162.0
367,1,philadelphia-eagles,2018,1,53.0,89.0,0.3732394366197183,0.6267605633802817,0.7934353343781892,0.2065646656218107,0.563,0.667,0.5,9.0,7.0,367.0,348.0,19.0
368,1,philadelphia-eagles,2019,1,52.0,86.0,0.3768115942028985,0.6231884057971014,0.6959067123726052,0.3040932876273948,0.563,0.833,0.583,9.0,7.0,385.0,354.0,31.0
369,1,philadelphia-eagles,2020,1,52.0,100.0,0.3421052631578947,0.6578947368421053,0.6987044228595709,0.3012955771404291,0.281,0.333,0.333,4.0,11.0,334.0,418.0,-84.0
370,1,philadelphia-eagles,2021,1,62.0,84.0,0.4246575342465753,0.5753424657534246,0.537108616758053,0.462891383241947,0.529,0.5,0.583,9.0,8.0,444.0,385.0,59.0
371,1,philadelphia-eagles,2022,1,53.0,93.0,0.363013698630137,0.636986301369863,0.6640295299452852,0.3359704700547148,0.824,0.667,0.75,14.0,3.0,477.0,344.0,133.0
372,1,philadelphia-eagles,2023,1,53.0,108.0,0.3291925465838509,0.6708074534161491,0.6892618269010555,0.3107381730989444,0.647,0.667,0.583,11.0,6.0,433.0,428.0,5.0
373,1,philadelphia-eagles,2024,1,53.0,114.0,0.3173652694610778,0.6826347305389222,0.6718146315837702,0.3281853684162298,0.824,0.833,0.75,14.0,3.0,463.0,303.0,160.0
374,1,pittsburgh-steelers,2012,1,56.0,59.0,0.4869565217391304,0.5130434782608696,0.7437292722548867,0.2562707277451133,0.5,0.5,0.417,8.0,8.0,336.0,314.0,22.0
375,1,pittsburgh-steelers,2013,1,54.0,65.0,0.453781512605042,0.5462184873949579,0.7676586767423238,0.2323413232576762,0.5,0.667,0.5,8.0,8.0,379.0,370.0,9.0
376,1,pittsburgh-steelers,2014,1,53.0,63.0,0.4568965517241379,0.5431034482758621,0.8639532086540354,0.1360467913459646,0.688,0.667,0.75,11.0,5.0,436.0,368.0,68.0
377,1,pittsburgh-steelers,2015,1,53.0,78.0,0.4045801526717557,0.5954198473282443,0.6865303632443455,0.3134696367556545,0.625,0.5,0.583,10.0,6.0,423.0,319.0,104.0
378,1,pittsburgh-steelers,2016,1,53.0,74.0,0.4173228346456692,0.5826771653543307,0.7928098824849216,0.2071901175150784,0.688,0.833,0.75,11.0,5.0,399.0,327.0,72.0
379,1,pittsburgh-steelers,2017,1,53.0,48.0,0.5247524752475248,0.4752475247524752,0.8924853083314273,0.1075146916685728,0.813,1.0,0.833,13.0,3.0,406.0,308.0,98.0
380,1,pittsburgh-steelers,2018,1,53.0,42.0,0.5578947368421052,0.4421052631578947,0.8060494448975749,0.1939505551024251,0.594,0.75,0.542,9.0,6.0,428.0,360.0,68.0
381,1,pittsburgh-steelers,2019,1,53.0,79.0,0.4015151515151515,0.5984848484848485,0.6286401086865517,0.3713598913134482,0.5,0.5,0.5,8.0,8.0,289.0,303.0,-14.0
382,1,pittsburgh-steelers,2020,1,54.0,80.0,0.4029850746268656,0.5970149253731343,0.7543618043612513,0.2456381956387486,0.75,0.667,0.75,12.0,4.0,416.0,312.0,104.0
383,1,pittsburgh-steelers,2021,1,53.0,93.0,0.363013698630137,0.636986301369863,0.7058504280070967,0.2941495719929033,0.559,0.667,0.583,9.0,7.0,343.0,398.0,-55.0
384,1,pittsburgh-steelers,2022,1,53.0,91.0,0.3680555555555556,0.6319444444444444,0.7528918450190724,0.2471081549809276,0.529,0.5,0.417,9.0,8.0,308.0,346.0,-38.0
385,1,pittsburgh-steelers,2023,1,54.0,96.0,0.36,0.64,0.8592205524564811,0.1407794475435189,0.588,0.833,0.583,10.0,7.0,304.0,324.0,-20.0
386,1,pittsburgh-steelers,2024,1,51.0,97.0,0.3445945945945945,0.6554054054054054,0.7369033952368447,0.2630966047631554,0.588,0.5,0.583,10.0,7.0,380.0,347.0,33.0
387,1,san-francisco-49ers,2013,1,51.0,64.0,0.4434782608695652,0.5565217391304348,0.8889605342121196,0.1110394657878804,0.75,0.833,0.75,12.0,4.0,406.0,272.0,134.0
388,1,san-francisco-49ers,2014,1,54.0,79.0,0.4060150375939849,0.5939849624060151,0.7461680511584471,0.2538319488415529,0.5,0.333,0.583,8.0,8.0,306.0,340.0,-34.0
389,1,san-francisco-49ers,2015,1,52.0,76.0,0.40625,0.59375,0.544840367985016,0.4551596320149839,0.313,0.167,0.333,5.0,11.0,238.0,387.0,-149.0
390,1,san-francisco-49ers,2016,1,53.0,86.0,0.381294964028777,0.6187050359712231,0.6337316683863277,0.3662683316136723,0.125,0.333,0.167,2.0,14.0,309.0,480.0,-171.0
391,1,san-francisco-49ers,2017,1,53.0,94.0,0.3605442176870748,0.6394557823129252,0.5406333696101067,0.4593666303898933,0.375,0.167,0.25,6.0,10.0,331.0,383.0,-52.0
392,1,san-francisco-49ers,2018,1,54.0,84.0,0.391304347826087,0.6086956521739131,0.4972803046802513,0.5027196953197487,0.25,0.167,0.167,4.0,12.0,342.0,435.0,-93.0
393,1,san-francisco-49ers,2019,1,53.0,74.0,0.4173228346456692,0.5826771653543307,0.7548258309739028,0.2451741690260972,0.813,0.833,0.833,13.0,3.0,479.0,310.0,169.0
394,1,san-francisco-49ers,2020,1,55.0,119.0,0.3160919540229885,0.6839080459770115,0.4989146328523865,0.5010853671476134,0.375,0.5,0.333,6.0,10.0,376.0,390.0,-14.0
395,1,san-francisco-49ers,2021,1,55.0,99.0,0.3571428571428571,0.6428571428571429,0.7082096815755146,0.2917903184244855,0.588,0.333,0.583,10.0,7.0,427.0,365.0,62.0
396,1,san-francisco-49ers,2022,1,52.0,87.0,0.3741007194244604,0.6258992805755396,0.7865789720275153,0.2134210279724847,0.765,1.0,0.833,13.0,4.0,450.0,277.0,173.0
397,1,san-francisco-49ers,2023,1,52.0,91.0,0.3636363636363636,0.6363636363636364,0.7744231337986693,0.2255768662013307,0.706,0.833,0.833,12.0,5.0,491.0,298.0,193.0
398,1,san-francisco-49ers,2024,1,53.0,119.0,0.3081395348837209,0.6918604651162791,0.5624712131046623,0.4375287868953377,0.353,0.167,0.333,6.0,11.0,389.0,436.0,-47.0
399,1,seattle-seahawks,2013,1,54.0,57.0,0.4864864864864865,0.5135135135135135,0.7590431426370695,0.2409568573629305,0.813,0.667,0.833,13.0,3.0,417.0,231.0,186.0
400,1,seattle-seahawks,2014,1,54.0,85.0,0.3884892086330935,0.6115107913669064,0.7419495945703087,0.2580504054296912,0.75,0.833,0.833,12.0,4.0,394.0,254.0,140.0
401,1,seattle-seahawks,2015,1,53.0,104.0,0.3375796178343949,0.6624203821656051,0.7792983238803507,0.2207016761196493,0.625,0.5,0.583,10.0,6.0,423.0,277.0,146.0
402,1,seattle-seahawks,2016,1,51.0,92.0,0.3566433566433566,0.6433566433566433,0.7999990419247412,0.2000009580752587,0.656,0.583,0.542,10.0,5.0,354.0,292.0,62.0
403,1,seattle-seahawks,2017,1,53.0,80.0,0.3984962406015037,0.6015037593984962,0.7565696257033067,0.2434303742966933,0.563,0.667,0.583,9.0,7.0,366.0,332.0,34.0
404,1,seattle-seahawks,2018,1,53.0,85.0,0.3840579710144927,0.6159420289855072,0.7124947082562058,0.2875052917437942,0.625,0.5,0.667,10.0,6.0,428.0,347.0,81.0
405,1,seattle-seahawks,2019,1,51.0,86.0,0.3722627737226277,0.6277372262773723,0.7085913662571132,0.2914086337428868,0.688,0.5,0.667,11.0,5.0,405.0,398.0,7.0
406,1,seattle-seahawks,2020,1,52.0,112.0,0.3170731707317073,0.6829268292682927,0.8286230521487944,0.1713769478512055,0.75,0.667,0.75,12.0,4.0,459.0,371.0,88.0
407,1,seattle-seahawks,2021,1,57.0,95.0,0.375,0.625,0.7988042717814168,0.2011957282185832,0.412,0.5,0.333,7.0,10.0,395.0,366.0,29.0
408,1,seattle-seahawks,2022,1,53.0,117.0,0.3117647058823529,0.6882352941176471,0.5602947129381104,0.4397052870618895,0.529,0.667,0.5,9.0,8.0,407.0,401.0,6.0
409,1,seattle-seahawks,2023,1,54.0,109.0,0.3312883435582822,0.6687116564417178,0.7721291805991403,0.2278708194008597,0.529,0.333,0.583,9.0,8.0,364.0,402.0,-38.0
410,1,seattle-seahawks,2024,1,52.0,130.0,0.2857142857142857,0.7142857142857143,0.6747971816457634,0.3252028183542366,0.588,0.667,0.5,10.0,7.0,375.0,368.0,7.0
411,1,tampa-bay-buccaneers,2013,1,51.0,57.0,0.4722222222222222,0.5277777777777778,0.7203214693216932,0.2796785306783069,0.25,0.167,0.167,4.0,12.0,288.0,389.0,-101.0
412,1,tampa-bay-buccaneers,2014,1,53.0,94.0,0.3605442176870748,0.6394557823129252,0.6859979367093589,0.3140020632906411,0.125,0.0,0.083,2.0,14.0,277.0,410.0,-133.0
413,1,tampa-bay-buccaneers,2015,1,53.0,113.0,0.3192771084337349,0.6807228915662651,0.6486091855938193,0.3513908144061807,0.375,0.5,0.417,6.0,10.0,342.0,417.0,-75.0
414,1,tampa-bay-buccaneers,2016,1,54.0,87.0,0.3829787234042553,0.6170212765957447,0.774673110175214,0.225326889824786,0.563,0.667,0.583,9.0,7.0,354.0,369.0,-15.0
415,1,tampa-bay-buccaneers,2017,1,53.0,72.0,0.424,0.576,0.8136689485312741,0.1863310514687258,0.313,0.167,0.25,5.0,11.0,335.0,382.0,-47.0
416,1,tampa-bay-buccaneers,2018,1,53.0,71.0,0.4274193548387097,0.5725806451612904,0.830794486129991,0.169205513870009,0.313,0.333,0.333,5.0,11.0,396.0,464.0,-68.0
417,1,tampa-bay-buccaneers,2019,1,53.0,65.0,0.4491525423728814,0.5508474576271186,0.8119145877696601,0.1880854122303399,0.438,0.333,0.417,7.0,9.0,458.0,449.0,9.0
418,1,tampa-bay-buccaneers,2020,1,54.0,81.0,0.4,0.6,0.9272758708529903,0.0727241291470095,0.688,0.667,0.667,11.0,5.0,492.0,355.0,137.0
419,1,tampa-bay-buccaneers,2021,1,57.0,84.0,0.4042553191489361,0.5957446808510638,0.8231834273957892,0.1768165726042107,0.765,0.667,0.667,13.0,4.0,511.0,353.0,158.0
420,1,tampa-bay-buccaneers,2022,1,53.0,89.0,0.3732394366197183,0.6267605633802817,0.782481198965477,0.217518801034523,0.471,0.667,0.667,8.0,9.0,313.0,358.0,-45.0
421,1,tampa-bay-buccaneers,2023,1,53.0,88.0,0.375886524822695,0.624113475177305,0.5741975106584827,0.4258024893415173,0.529,0.667,0.583,9.0,8.0,348.0,325.0,23.0
422,1,tampa-bay-buccaneers,2024,1,53.0,109.0,0.3271604938271605,0.6728395061728395,0.5695787807871112,0.4304212192128888,0.588,0.667,0.667,10.0,7.0,502.0,385.0,117.0
423,1,tennessee-titans,2012,1,55.0,26.0,0.6790123456790124,0.3209876543209876,0.7630050083795498,0.2369949916204502,0.375,0.167,0.417,6.0,10.0,330.0,471.0,-141.0
424,1,tennessee-titans,2013,1,54.0,55.0,0.4954128440366973,0.5045871559633027,0.8639820092760649,0.136017990723935,0.438,0.333,0.5,7.0,9.0,362.0,381.0,-19.0
425,1,tennessee-titans,2014,1,54.0,77.0,0.4122137404580153,0.5877862595419847,0.7116897247721521,0.2883102752278479,0.125,0.167,0.167,2.0,14.0,254.0,438.0,-184.0
426,1,tennessee-titans,2015,1,54.0,76.0,0.4153846153846154,0.5846153846153846,0.7031768056486252,0.2968231943513748,0.188,0.167,0.083,3.0,13.0,299.0,423.0,-124.0
427,1,tennessee-titans,2016,1,53.0,72.0,0.424,0.576,0.7717396288248751,0.2282603711751248,0.563,0.333,0.5,9.0,7.0,381.0,378.0,3.0
428,1,tennessee-titans,2017,1,53.0,65.0,0.4491525423728814,0.5508474576271186,0.9246975536912724,0.0753024463087275,0.563,0.833,0.667,9.0,7.0,334.0,356.0,-22.0
429,1,tennessee-titans,2018,1,53.0,91.0,0.3680555555555556,0.6319444444444444,0.6461362876626908,0.3538637123373092,0.563,0.5,0.417,9.0,7.0,310.0,303.0,7.0
430,1,tennessee-titans,2019,1,52.0,89.0,0.3687943262411347,0.6312056737588653,0.7751672853173347,0.2248327146826653,0.563,0.5,0.583,9.0,7.0,402.0,331.0,71.0
431,1,tennessee-titans,2020,1,51.0,106.0,0.3248407643312102,0.6751592356687898,0.6260875150788956,0.3739124849211044,0.688,0.833,0.667,11.0,5.0,491.0,439.0,52.0
432,1,tennessee-titans,2021,1,56.0,114.0,0.3294117647058823,0.6705882352941176,0.7650721978407882,0.2349278021592118,0.706,0.833,0.667,12.0,5.0,419.0,354.0,65.0
433,1,tennessee-titans,2023,1,53.0,129.0,0.2912087912087912,0.7087912087912088,0.5823427535046567,0.4176572464953433,0.353,0.167,0.333,6.0,11.0,305.0,367.0,-62.0
434,1,tennessee-titans,2024,1,53.0,118.0,0.3099415204678362,0.6900584795321637,0.5793506711744727,0.4206493288255272,0.176,0.167,0.25,3.0,14.0,311.0,460.0,-149.0
435,1,washington-commanders,2012,1,60.0,36.0,0.625,0.375,0.7742534149377328,0.2257465850622671,0.625,0.833,0.667,10.0,6.0,436.0,388.0,48.0
436,1,washington-commanders,2013,1,53.0,45.0,0.5408163265306123,0.4591836734693877,0.8259985126444775,0.1740014873555224,0.188,0.0,0.083,3.0,13.0,334.0,478.0,-144.0
437,1,washington-commanders,2014,1,53.0,91.0,0.3680555555555556,0.6319444444444444,0.6766468739562856,0.3233531260437143,0.25,0.333,0.167,4.0,12.0,301.0,438.0,-137.0
438,1,washington-commanders,2015,1,52.0,95.0,0.3537414965986394,0.6462585034013606,0.6995529393431262,0.3004470606568737,0.563,0.667,0.667,9.0,7.0,388.0,379.0,9.0
439,1,washington-commanders,2016,1,53.0,86.0,0.381294964028777,0.6187050359712231,0.8007590551641097,0.1992409448358903,0.531,0.5,0.5,8.0,7.0,396.0,383.0,13.0
440,1,washington-commanders,2017,1,54.0,82.0,0.3970588235294117,0.6029411764705882,0.6542015561418624,0.3457984438581375,0.438,0.167,0.417,7.0,9.0,342.0,388.0,-46.0
441,1,washington-commanders,2018,1,53.0,80.0,0.3984962406015037,0.6015037593984962,0.5955320344988941,0.4044679655011058,0.438,0.333,0.5,7.0,9.0,281.0,359.0,-78.0
442,1,washington-commanders,2019,1,53.0,85.0,0.3840579710144927,0.6159420289855072,0.4350841868068411,0.564915813193159,0.188,0.0,0.167,3.0,13.0,266.0,435.0,-169.0
443,1,washington-commanders,2020,1,53.0,94.0,0.3605442176870748,0.6394557823129252,0.6829242727401534,0.3170757272598465,0.438,0.667,0.417,7.0,9.0,335.0,329.0,6.0
444,1,washington-commanders,2021,1,56.0,97.0,0.3660130718954248,0.6339869281045751,0.5580460376457899,0.4419539623542101,0.412,0.333,0.5,7.0,10.0,335.0,434.0,-99.0
445,1,washington-commanders,2022,1,53.0,86.0,0.381294964028777,0.6187050359712231,0.7694311761082891,0.2305688238917108,0.5,0.417,0.458,8.0,8.0,321.0,343.0,-22.0
446,1,washington-commanders,2023,1,53.0,103.0,0.3397435897435897,0.6602564102564102,0.6101522246125599,0.3898477753874401,0.235,0.0,0.167,4.0,13.0,329.0,518.0,-189.0
447,1,washington-commanders,2024,1,53.0,102.0,0.3419354838709677,0.6580645161290323,0.7739105858604544,0.2260894141395456,0.706,0.667,0.75,12.0,5.0,485.0,391.0,94.0
