,team,season,roster_status,player_count,cap_hit_sum,player_count_prop,cap_hit_prop,w,l,pct,pf,pa,net_pts,div_win_pct,conf_win_pct,pc_1,pc_2,pc_3,label,cluster_0_probability,cluster_1_probability,cluster_2_probability,cluster_3_probability
0,cleveland-browns,2024,active,52,129961235.0,0.2795698924731182,0.523752035912541,3,14,0.176,258,435,-177,0.333,0.25,-0.08142128978291029,1.8599312113941187,,0,0.8764312357939709,0.1189195927325149,1.8027862615811133e-33,0.004649171473513864
1,detroit-lions,2023,active,52,173331167.0,0.3291139240506329,0.7758477026898212,12,5,0.706,461,395,66,0.667,0.667,-0.6552902628837907,0.5631227416291629,,0,0.6282346373003872,0.2440939942505119,1.4800394360455532e-18,0.12767136844910104
2,detroit-lions,2022,active,53,157043784.0,0.33125,0.7323987778879567,9,8,0.529,453,427,26,0.833,0.583,-0.15640571971910397,0.7331308183853209,,0,0.807438871399583,0.023856269336382945,2.1294785749328566e-17,0.1687048592640341
3,denver-broncos,2024,active,52,150535729.0,0.3513513513513513,0.5970335198540277,10,7,0.588,425,311,114,0.5,0.5,-0.957442854770783,1.1225770022346253,,0,0.5616747742367862,0.4336225082973536,4.6774395310155295e-29,0.004702717465859933
4,denver-broncos,2023,active,53,173358141.0,0.3605442176870748,0.747961619855277,8,9,0.471,357,413,-56,0.5,0.417,-0.5715566961360953,0.7693422626706307,,0,0.7487331615774427,0.18692659055135719,9.522049151419563e-21,0.06434024787120024
5,denver-broncos,2015,active,53,134668943.0,0.4491525423728814,0.9281182967487576,12,4,0.75,355,296,59,0.667,0.667,0.9530371281045161,1.1975713266780572,,0,0.5123294615627783,5.048256161618415e-05,2.044435835042812e-15,0.48762005587560314
6,baltimore-ravens,2022,active,53,160177579.0,0.33125,0.7828145849876393,10,7,0.588,350,315,35,0.5,0.5,-0.09340720415100635,0.47716371187346196,,0,0.5928255398866236,0.00862938146630013,5.599847721817235e-14,0.3985450786470202
7,dallas-cowboys,2023,active,53,185500694.0,0.3655172413793103,0.835205408861842,12,5,0.706,509,315,194,0.833,0.75,0.10920047091375197,1.4246568503707848,,0,0.9408510320447723,0.025916676618589273,7.030453291219905e-25,0.033232291336638464
8,dallas-cowboys,2022,active,53,161682742.0,0.3291925465838509,0.7508296973260291,12,5,0.706,467,342,125,0.667,0.667,0.272164671930772,0.9468852946674993,,0,0.7998402916615959,0.0028290763057997152,3.730342201549118e-17,0.1973306320326045
9,cleveland-browns,2023,active,53,136190604.0,0.3441558441558441,0.6137600296355683,11,6,0.647,396,362,34,0.5,0.667,-0.10742598988054262,1.4211966191798613,,0,0.9231714906212082,0.05955652719298182,1.210998332805398e-26,0.017271982185809855
10,buffalo-bills,2016,active,53,112497692.0,0.3375796178343949,0.7384617836611276,7,9,0.438,399,378,21,0.167,0.333,-0.19494206260010774,0.9960729688640833,,0,0.894341084316364,0.04459236986990399,3.8220357449597715e-21,0.06106654581373226
11,atlanta-falcons,2024,active,53,219836480.0,0.3605442176870748,0.8684608917214311,8,9,0.471,389,423,-34,0.667,0.583,-0.7869147634441884,1.2691691621803227,,0,0.6822775925929782,0.31362690247077063,5.438955257559513e-30,0.004095504936251418
12,buffalo-bills,2017,active,52,104955026.0,0.3795620437956204,0.6790221516696964,9,7,0.563,302,359,-57,0.5,0.583,-0.5053919689731221,1.176808231271866,,0,0.8187648704249849,0.1676589978245125,3.434629979488054e-26,0.01357613175050243
13,cleveland-browns,2017,active,53,77946523.0,0.381294964028777,0.4975393014857039,0,16,0.0,234,410,-176,0.0,0.0,-0.16947599562570745,1.8463283309508665,,0,0.8576721527959198,0.1388485783186749,4.44296659770232e-34,0.0034792688854054345
14,cincinnati-bengals,2023,active,53,170878346.0,0.4344262295081967,0.7916825731711755,9,8,0.529,366,384,-18,0.167,0.333,0.2609460136948879,1.6786509306839328,,0,0.9447230831884946,0.027938861899555918,2.1651255896678976e-27,0.027338054911949405
15,cincinnati-bengals,2015,active,53,134100760.0,0.4907407407407407,0.931814942656774,12,4,0.75,419,279,140,0.833,0.75,-0.5370922700081388,0.3121181979036729,,0,0.49271997214106034,0.10832343155757422,1.0184251664960807e-14,0.3989565963013554
16,chicago-bears,2023,active,52,171087200.0,0.3636363636363636,0.7519918374079572,7,10,0.412,360,379,-19,0.333,0.5,0.04996043241277206,1.6106656260503625,,0,0.9340646698658519,0.05011945906182788,3.281404070528555e-28,0.01581587107232005
17,chicago-bears,2022,active,53,78766986.0,0.3354430379746835,0.3847981287259814,3,14,0.176,326,463,-137,0.0,0.083,0.5559469393566817,0.9652122437438139,,0,0.6692649860476685,0.0003972698455776216,1.9443473435275878e-15,0.33033774410675176
18,carolina-panthers,2015,active,53,121004274.0,0.4140625,0.8331880573224428,15,1,0.938,500,308,192,0.833,0.917,0.2226757469024598,0.7493369998034026,,0,0.6991814454568505,0.002059371700316636,4.004618368100399e-15,0.2987591828428289
19,carolina-panthers,2016,active,53,98999535.0,0.3984962406015037,0.7110406092282013,6,10,0.375,369,402,-33,0.167,0.417,-0.23224675305213657,1.07528553972346,,0,0.8997955154454982,0.058549063246978825,1.5465171810514929e-22,0.041655421307522957
20,carolina-panthers,2017,active,51,144363005.0,0.4214876033057851,0.8228235665374972,11,5,0.688,363,327,36,0.5,0.583,-0.6731708179409159,1.536925255093076,,0,0.7442956522762165,0.25379441197928637,1.8525319390151383e-33,0.0019099357444969578
21,chicago-bears,2017,active,53,110629152.0,0.3785714285714285,0.6595971516035902,5,11,0.313,264,320,-56,0.0,0.083,-1.1132712506040776,1.1871235077277773,,0,0.5032557026936073,0.49442823155156485,2.0711192874808177e-31,0.002316065754827762
22,chicago-bears,2014,active,54,81640084.0,0.4,0.6211553044615005,5,11,0.313,319,442,-123,0.167,0.333,-0.0029817340385691433,0.5092092112875523,,0,0.5913523372690619,0.004909321019020358,8.415814487400116e-14,0.4037383417118335
23,cleveland-browns,2022,active,53,132199512.0,0.3464052287581699,0.708791426109859,7,10,0.412,361,381,-20,0.5,0.333,0.26798160356823497,0.7072917156441622,,0,0.6457727098175485,0.0012630491307964499,2.326201251100985e-14,0.3529642410516318
24,atlanta-falcons,2023,active,54,163895473.0,0.3529411764705882,0.7361475593069925,7,10,0.412,321,373,-52,0.5,0.333,-0.26268392544832553,1.514578819436084,,0,0.8823610279216313,0.10995924802214915,1.9290545093289498e-29,0.007679724056219497
25,detroit-lions,2015,active,53,107062153.0,0.4108527131782946,0.7475582825732195,7,9,0.438,358,400,-42,0.5,0.5,0.5275300054943861,1.5150585788148798,,0,0.8966553162303622,0.004666510061968876,1.065301360910976e-22,0.09867817370766899
26,green-bay-packers,2015,active,52,125157906.0,0.4521739130434782,0.8822881891166888,10,6,0.625,368,323,45,0.5,0.583,0.0232340269794953,0.7853804591516501,,0,0.7966845209264172,0.008915533158195528,7.450712268198289e-17,0.19439994591538734
27,kansas-city-chiefs,2016,active,53,116014324.0,0.3925925925925926,0.7606933992029966,12,4,0.75,389,311,78,1.0,0.75,-0.871734030875532,0.8274124598164372,,0,0.5410174435735191,0.4369259886739409,7.774078178622958e-24,0.022056567752539852
28,kansas-city-chiefs,2015,active,52,104438587.0,0.4031007751937984,0.7383726387636698,11,5,0.688,405,287,118,0.833,0.833,-0.3406008865350876,0.5622010573757846,,0,0.7197255735269329,0.05234857072326032,1.7982938407899194e-16,0.2279258557498068
29,arizona-cardinals,2016,active,53,111290277.0,0.3785714285714285,0.7140589608225523,7,8,0.469,418,362,56,0.75,0.542,-0.5587396496408639,1.0637543905106663,,0,0.7912856699604041,0.18991559322545587,6.664224492816349e-25,0.018798736814140033
30,jacksonville-jaguars,2023,active,53,194030338.0,0.4173228346456692,0.8909487801863475,9,8,0.529,377,371,6,0.667,0.5,-0.23973878926548128,1.127370489109354,,0,0.9019430739158821,0.06439812883055443,2.4174275446215508e-23,0.03365879725356314
31,jacksonville-jaguars,2022,active,51,159988522.0,0.3722627737226277,0.6918925821977624,9,8,0.529,404,350,54,0.667,0.667,0.22850664193444745,0.7160782210074932,,0,0.6715476852116324,0.0017563717176249463,1.0484923761713161e-14,0.3266959430707319
32,jacksonville-jaguars,2016,active,52,109679864.0,0.4262295081967213,0.7289673985210224,3,13,0.188,318,400,-82,0.333,0.167,-0.4938801035025833,0.9992068391532741,,0,0.819213353337737,0.1515172819633268,1.9287525133508268e-23,0.029269364698936106
33,indianapolis-colts,2024,active,53,199356329.0,0.3397435897435897,0.7964183533051417,8,9,0.471,377,427,-50,0.5,0.583,-0.9422364937400958,1.1403587881407962,,0,0.5750890057148298,0.42036137295141474,3.2475929166401405e-29,0.0045496213337554445
34,arizona-cardinals,2023,active,53,107322872.0,0.2896174863387978,0.4920273890728904,4,13,0.235,330,455,-125,0.0,0.25,-0.6611739358234858,0.7497768044839992,,0,0.68794347350192,0.2558465713047743,3.967192638874408e-21,0.05620995519330572
35,indianapolis-colts,2022,active,53,147156772.0,0.3557046979865771,0.7150085119024392,4,12,0.265,289,427,-138,0.25,0.375,-0.1784454619882275,0.3761982467237902,,0,0.5151953390044656,0.011831102274383054,2.279253704806725e-13,0.4729735587209233
36,atlanta-falcons,2022,active,53,94499866.0,0.3212121212121212,0.4684763200525099,7,10,0.412,365,386,-21,0.333,0.5,0.5342127580568373,1.116368920329664,,0,0.7652572692421065,0.0008959765913258287,2.138064268529319e-17,0.2338467541665675
37,indianapolis-colts,2017,active,53,90264198.0,0.3231707317073171,0.5775997265839429,4,12,0.25,263,404,-141,0.333,0.25,-0.5989810687357184,1.7003953850440867,,0,0.762374879519482,0.23634347219156612,1.3259458177015553e-35,0.0012816482889519392
38,atlanta-falcons,2017,active,53,147393869.0,0.5096153846153846,0.8862396296706297,10,6,0.625,353,315,38,0.667,0.75,-0.9795702504097334,1.2576784419258162,,0,0.5864809582199216,0.41103935791073215,1.9227718579156307e-31,0.002479683869346342
39,houston-texans,2016,active,53,115226229.0,0.4173228346456692,0.7577633531834416,9,7,0.563,279,328,-49,0.833,0.583,-2.189078266073599,-1.4043620165141917,,1,3.40510704882784e-07,0.8154618509727369,2.051308367695135e-08,0.18453778800347495
40,kansas-city-chiefs,2017,active,51,135438141.0,0.408,0.8072420006577944,10,6,0.625,415,339,76,0.833,0.667,-2.1336109435343436,-0.04077726452713904,,1,0.0013849892915570481,0.990586701351458,2.048225357310191e-21,0.008028309356985211
41,chicago-bears,2016,active,53,73471561.0,0.3333333333333333,0.4953465549736393,3,13,0.188,279,399,-120,0.333,0.25,-2.4556882296849794,-1.6415760297411501,,1,1.1571128115981772e-08,0.8745353622183635,4.7229963186569434e-08,0.12546457898054553
42,green-bay-packers,2016,active,51,134428984.0,0.408,0.8717435797753053,10,6,0.625,432,388,44,0.833,0.667,-1.6577298963315608,-0.379022137586714,,1,0.0018123307204094587,0.907023564464191,2.2192550041301945e-14,0.09116410481537747
43,detroit-lions,2024,active,52,151659744.0,0.2857142857142857,0.6469164081879486,15,2,0.882,564,342,222,1.0,0.917,-1.8773583235714895,-0.31336780946880005,,1,0.0008896958368265349,0.9659690621339575,1.6014203570286245e-16,0.03314124202921555
44,jacksonville-jaguars,2024,active,53,142873539.0,0.3441558441558441,0.5667718874476751,4,13,0.235,320,435,-115,0.5,0.333,-1.7339417931824146,-0.18598423949834098,,1,0.002918332968458994,0.9587516076326962,5.2643130940550144e-17,0.03833005939884462
45,green-bay-packers,2017,active,53,115603840.0,0.4206349206349206,0.6861112077035765,7,9,0.438,320,384,-64,0.333,0.417,-1.7420801603151754,0.20142947635172515,,1,0.01386734917664484,0.9740177611630235,8.558856054956015e-22,0.012114889660331416
46,green-bay-packers,2023,active,53,120689913.0,0.3732394366197183,0.5535073800762038,9,8,0.529,383,350,33,0.667,0.583,-1.489180755104026,0.23261726055832188,,1,0.03593796300282817,0.9381073293211658,2.3605143743317808e-20,0.02595470767600601
47,detroit-lions,2017,active,52,130190524.0,0.3513513513513513,0.8082300745812888,9,7,0.563,410,376,34,0.833,0.667,-1.9655200222850269,-0.14119600692850987,,1,0.0014352600829033821,0.9827892434388981,4.439472451428077e-19,0.015775496478198453
48,chicago-bears,2024,active,53,204948258.0,0.3785714285714285,0.8046041367195755,5,12,0.294,310,370,-60,0.167,0.25,-1.8358270108850023,-0.3187990202821417,,1,0.0010395090923899415,0.960059194944422,3.4291428942940133e-16,0.03890129596318752
49,jacksonville-jaguars,2017,active,53,151852626.0,0.4416666666666666,0.886508292845387,10,6,0.625,417,268,149,0.667,0.75,-1.1179860391702958,1.160380651803027,,1,0.49078417069779784,0.5066580575417914,5.202584615920944e-31,0.0025577717604108154
50,cincinnati-bengals,2016,active,53,121320842.0,0.5,0.7757273278797242,6,9,0.406,325,315,10,0.5,0.417,-1.4729440111171235,-0.1315414185597319,,1,0.011334551585596566,0.8982681394534143,7.734290676042022e-16,0.09039730896098852
51,cincinnati-bengals,2017,active,52,128091070.0,0.4814814814814814,0.7921939006799013,7,9,0.438,290,349,-59,0.5,0.5,-1.9369946488671965,0.24690615139590544,,1,0.009729633676377294,0.983951745607952,8.733747533662968e-24,0.006318620715670617
52,detroit-lions,2016,active,53,116112911.0,0.3897058823529412,0.775540630808039,9,7,0.563,346,358,-12,0.5,0.583,-1.2255526211505001,-0.1325665893946284,,1,0.033035143830104134,0.7161125293852093,3.870227766281718e-14,0.25085232678464814
53,cincinnati-bengals,2024,active,52,185741962.0,0.3611111111111111,0.716260427689569,9,8,0.529,472,434,38,0.5,0.5,-1.6339498223802817,0.5293026123781863,,1,0.06107384102423311,0.9326017859711285,1.8577190698030392e-25,0.006324373004638343
54,cleveland-browns,2016,active,55,81775809.0,0.3985507246376811,0.6279716212007296,1,15,0.063,264,452,-188,0.0,0.083,-0.9061316641460644,0.3729937056377945,,1,0.33623182112344535,0.5226796412202985,7.54421516436637e-18,0.14108853765625626
55,carolina-panthers,2024,active,52,147641087.0,0.2407407407407407,0.5648873008392838,5,12,0.294,341,534,-193,0.333,0.333,-1.0710370471232973,0.9701781771042006,,1,0.442844609419684,0.5506459152987971,1.3863244060451952e-27,0.006509475281519029
56,indianapolis-colts,2023,active,52,150648067.0,0.3132530120481928,0.6729165717469148,9,8,0.529,396,415,-19,0.5,0.583,-0.9721483931669788,0.4244519263775961,,1,0.30570955494342805,0.6027418258959515,5.463955527791913e-19,0.0915486191606205
57,green-bay-packers,2024,active,52,154542400.0,0.3768115942028985,0.6142702664046468,11,6,0.647,460,338,122,0.167,0.5,-1.8656002410169163,-0.10375002245258969,,1,0.002473702366948259,0.9781822527455274,7.438743410371608e-19,0.019344044887524253
58,denver-broncos,2017,active,53,121736835.0,0.4206349206349206,0.7783480611752982,5,11,0.313,289,382,-93,0.333,0.333,-1.7308262506266705,0.059958708460103975,,1,0.008182087486523357,0.9729358359773828,6.46225031441376e-20,0.018882076536093664
59,kansas-city-chiefs,2023,active,53,194829168.0,0.4308943089430894,0.8952663729125381,11,6,0.647,371,294,77,0.667,0.75,-1.5675320086807396,-0.5699247243149441,,1,0.0012121432493024877,0.772116473933507,6.6801759198699385e-12,0.22667138281051022
60,dallas-cowboys,2016,active,51,139363235.0,0.4047619047619047,0.9124397183253457,13,3,0.813,421,306,115,0.5,0.75,-1.082446133478844,0.2507322535057746,,1,0.16249961072040048,0.7165049779002978,1.4032714761747956e-17,0.12099541137930178
61,dallas-cowboys,2017,active,54,114468318.0,0.4736842105263157,0.7162854063148466,9,7,0.563,354,332,22,0.833,0.583,-1.4789160546224458,0.6802839450943774,,1,0.1329712238524636,0.8610092823938937,1.8939216640145094e-26,0.006019493753642753
62,indianapolis-colts,2016,active,53,114015686.0,0.3706293706293706,0.7477304175474271,8,8,0.5,411,392,19,0.5,0.417,-0.9520976737638298,0.4026161045858352,,1,0.3124937156286816,0.580187473744728,1.471754452790472e-18,0.10731881062659039
63,houston-texans,2024,active,53,180926822.0,0.3192771084337349,0.7134152710796356,10,7,0.588,372,372,0,0.833,0.667,-1.4824124492749802,0.6192149609555948,,1,0.11263352098485413,0.880030562364768,1.3872807179244688e-25,0.007335916650378173
64,dallas-cowboys,2024,active,53,97500830.0,0.3509933774834437,0.4055521960637089,7,10,0.412,350,468,-118,0.5,0.417,-1.6359650982843559,0.03478324921760711,,1,0.010536375957618159,0.9611588270310871,6.17014514360018e-19,0.028304797011294753
65,houston-texans,2017,active,53,99775402.0,0.3464052287581699,0.6242657719337547,4,12,0.25,338,436,-98,0.167,0.25,-1.7504650152721564,0.36026326607452763,,1,0.02515295778008891,0.9673199675581239,5.688729589170877e-24,0.007527074661787353
66,denver-broncos,2016,active,53,112742090.0,0.424,0.7658426359909967,9,7,0.563,333,297,36,0.333,0.5,-1.2949533440855254,0.1419499565171517,,1,0.05716954933163692,0.8667112472462402,8.679278096991388e-18,0.07611920342212287
67,carolina-panthers,2023,active,53,136455085.0,0.3028571428571429,0.5862179256982786,2,15,0.118,236,416,-180,0.167,0.083,-1.5520076702478554,-0.4874619749616208,,1,0.0018966826397660327,0.8064409206861475,1.3353422417354213e-12,0.191662396672751
68,kansas-city-chiefs,2024,active,53,220922465.0,0.3732394366197183,0.883776876671277,15,2,0.882,385,326,59,0.833,0.833,-1.7659172960048102,0.08898306390196731,,1,0.008150494813645418,0.976348300413995,1.5863802424651796e-20,0.015501204772359653
69,baltimore-ravens,2023,active,53,175622212.0,0.3441558441558441,0.7890928238653818,13,4,0.765,483,280,203,0.5,0.667,-1.0172368195388,0.23423572150838862,,1,0.19402645953933526,0.6414289692292902,6.575143697771306e-17,0.16454457123137478
70,baltimore-ravens,2024,active,54,219432580.0,0.3506493506493506,0.8712149909629828,12,5,0.706,518,361,157,0.667,0.667,-1.037972242845263,0.9932561220097704,,1,0.47201904942856787,0.5214811905317345,1.1258761624889992e-27,0.006499760039697903
71,buffalo-bills,2023,active,53,182016009.0,0.375886524822695,0.7960900031979009,11,6,0.647,451,311,140,0.667,0.583,-1.3449569532369912,-0.12406348061772332,,1,0.020519900339166532,0.8289829443810451,4.858774426727691e-15,0.15049715527978352
72,buffalo-bills,2024,active,53,175108383.0,0.3212121212121212,0.6838374935458847,13,4,0.765,525,368,157,0.833,0.75,-1.7278826130087825,0.10785985622483985,,1,0.01001805924205807,0.9733916305264178,1.7054741785690518e-20,0.0165903102315243
73,arizona-cardinals,2017,active,53,104474970.0,0.3925925925925926,0.6169118901237418,8,8,0.5,295,361,-66,0.5,0.417,-2.527236865091474,-0.6313332923476354,,1,1.034037679505868e-05,0.9876899875200479,4.996840551757836e-17,0.012299672103157152
74,baltimore-ravens,2017,active,53,112215774.0,0.4108527131782946,0.7063327228232735,9,7,0.563,395,303,92,0.5,0.583,-2.057310902883435,-0.02799106765546378,,1,0.0018571521734055485,0.9888428291638067,4.568648592856679e-21,0.009300018662787452
75,atlanta-falcons,2016,active,52,112615074.0,0.3661971830985915,0.7321181439170201,11,5,0.688,540,406,134,0.833,0.75,-1.442603477335041,-0.1392680846902299,,1,0.012625592632115082,0.8822897329608022,1.529557583805781e-15,0.1050846744070812
76,arizona-cardinals,2024,active,53,164898640.0,0.3291925465838509,0.6406621030531325,8,9,0.471,400,379,21,0.5,0.333,-1.1604657432540793,0.9009442406305779,,1,0.36095651283293795,0.6323638780576576,3.076378099417444e-27,0.006679609109404448
77,baltimore-ravens,2016,active,53,115846569.0,0.3955223880597014,0.7674019372209793,8,8,0.5,343,321,22,0.667,0.583,-1.781920924226068,-0.7170051671164668,,1,0.0002000080725336491,0.8529482935271221,8.20710426146697e-12,0.14685169839213724
78,buffalo-bills,2018,active,53,104008378.0,0.4015151515151515,0.5791222768077716,6,10,0.375,269,374,-105,0.333,0.333,3.4981679124407132,-0.054121581431242356,,2,4.114194307565817e-09,1.7756914118698385e-31,0.9999211594077215,7.883647808422951e-05
79,dallas-cowboys,2011,active,56,92371660.0,0.7368421052631579,0.8682961482813737,8,8,0.5,369,347,22,0.333,0.5,3.994138272569196,0.09624104618410989,,2,5.491405045914344e-11,2.0942036930082326e-36,0.9999920986364073,7.901308678759129e-06
80,houston-texans,2018,active,53,140536221.0,0.3785714285714285,0.816649789229364,11,5,0.688,402,316,86,0.667,0.75,3.385673396988538,0.11318205444753038,,2,2.2324827446267452e-08,5.022971515284319e-29,0.999700456470961,0.00029952120421172513
81,jacksonville-jaguars,2018,active,53,140722671.0,0.381294964028777,0.7088100490352557,5,11,0.313,245,316,-71,0.167,0.333,3.7246823142698515,-0.024210868866786587,,2,5.669620832332038e-10,6.115145947893147e-34,0.9999747628712994,2.5236561738676286e-05
82,jacksonville-jaguars,2011,active,67,86274323.0,0.8072289156626506,0.9251377088070424,5,11,0.313,243,329,-86,0.5,0.333,2.787032879187361,-0.759263312664758,,2,2.2135109212638155e-07,1.4719759547440332e-27,0.9991389401966808,0.0008608384522272882
83,indianapolis-colts,2018,active,52,116290378.0,0.311377245508982,0.8061845139259066,10,6,0.625,433,344,89,0.667,0.583,3.5153440647298844,0.1038889425304057,,2,5.902722005232173e-09,1.2995186107482807e-30,0.9998717848283494,0.00012820926892893628
84,baltimore-ravens,2018,active,53,150160923.0,0.4608695652173913,0.8805458729269169,10,6,0.625,389,287,102,0.5,0.667,3.7839042667679488,-0.031235712922998097,,2,3.2884190359654047e-10,1.097155620723365e-34,0.9999817763320685,1.8223339089763563e-05
85,atlanta-falcons,2011,active,53,116684491.0,0.7464788732394366,0.9259617263674468,10,6,0.625,402,350,52,0.5,0.583,2.971905542588996,-0.20704092361092385,,2,2.403423274662171e-07,1.6063529821989203e-26,0.9991461703710172,0.0008535892866553423
86,detroit-lions,2011,active,61,122665700.0,0.8970588235294118,0.98662078586477,10,6,0.625,474,387,87,0.5,0.5,3.2872153379640774,-0.1945074057687377,,2,1.7663748948374346e-08,6.0134553358949946e-30,0.9998357869226101,0.0001641954136410676
87,dallas-cowboys,2018,active,52,121164619.0,0.4561403508771929,0.6963802024287892,10,6,0.625,339,324,15,0.833,0.75,3.1141388275579667,-0.10932447727340433,,2,1.0643757911998936e-07,1.8460877267177618e-27,0.999440323419782,0.000559570142638826
88,cleveland-browns,2011,active,47,95915724.0,0.7704918032786885,0.9236919045850752,4,12,0.25,218,307,-89,0.0,0.25,3.692815501161338,-0.08446333853790366,,2,6.86829757390121e-10,6.12754298813079e-34,0.9999738000120513,2.61993011189871e-05
89,denver-broncos,2011,active,58,96117160.0,0.7532467532467533,0.8805424902979434,8,8,0.5,309,390,-81,0.5,0.5,3.660493944109604,0.2610645944715202,,2,2.566635762816807e-09,3.3476568364243187e-31,0.9998901544101135,0.00010984302325054641
90,indianapolis-colts,2011,active,59,117123832.0,0.7866666666666666,0.9469591969828824,2,14,0.125,243,430,-187,0.333,0.167,3.3041893784314014,-0.1684259614692174,,2,1.6441011773005886e-08,5.600984870852994e-30,0.9998390271845299,0.00016095637445835044
91,buffalo-bills,2011,active,50,70276772.0,0.5617977528089888,0.6488308704125249,6,10,0.375,372,434,-62,0.167,0.333,3.0961972619495275,0.03783553287179874,,2,2.6349652310862005e-07,3.076912249751915e-26,0.9987373098490542,0.0012624266544228031
92,denver-broncos,2018,active,53,114730854.0,0.3840579710144927,0.6317082729150594,6,10,0.375,329,349,-20,0.333,0.333,2.7222786340331053,-0.380276931750937,,2,8.580850943270325e-07,6.601271282147343e-25,0.9982087255531086,0.0017904163617970122
93,cleveland-browns,2018,active,53,142452164.0,0.4015151515151515,0.7829271857890251,7,8,0.469,359,392,-33,0.583,0.458,4.320705686983135,0.23395547154150464,,2,2.483477481585629e-12,1.4959284603945345e-39,0.99999818916119,1.810836326296558e-06
94,arizona-cardinals,2011,active,58,111028866.0,0.7160493827160493,0.9371868394023,8,8,0.5,312,348,-36,0.667,0.583,3.276450978323657,0.09339300859949895,,2,6.025514924655232e-08,6.709816679520923e-28,0.9994595009121607,0.0005404388326900655
95,chicago-bears,2018,active,53,151948529.0,0.5463917525773195,0.846690154452267,12,4,0.75,421,283,138,0.833,0.833,3.785635876211447,0.24254454561875138,,2,6.332299290858687e-10,7.424330312339653e-33,0.9999552108255049,4.478854126510711e-05
96,carolina-panthers,2018,active,53,138090418.0,0.452991452991453,0.7487750104479256,7,9,0.438,376,382,-6,0.333,0.417,3.2255337636410943,-0.31839829806384334,,2,2.1754743192111492e-08,5.443267494168391e-30,0.999827770638429,0.0001722076068280197
97,baltimore-ravens,2011,active,53,106996060.0,0.6973684210526315,0.8882865549251246,12,4,0.75,378,266,112,1.0,0.75,3.7613876301098514,0.15133720275014317,,2,6.015323314106962e-10,3.26637458643244e-33,0.9999646582883625,3.5341110105070114e-05
98,green-bay-packers,2011,active,59,112438083.0,0.7866666666666666,0.971603395619928,15,1,0.938,560,359,201,1.0,1.0,3.8399867448160863,-0.11958301500714374,,2,1.8829739937317404e-10,6.964198094508978e-36,0.9999879145984857,1.2085213217153284e-05
99,atlanta-falcons,2018,active,53,141338061.0,0.4818181818181818,0.813902105110029,7,9,0.438,414,423,-9,0.667,0.583,1.254384603978372,-1.6304130169120272,,2,1.4057925355208526e-05,7.726162666797169e-17,0.8058765381651771,0.19410940390946793
100,green-bay-packers,2018,active,53,124176442.0,0.3955223880597014,0.7064857936872201,6,9,0.406,376,400,-24,0.25,0.292,4.114042843704874,0.11518714770204674,,2,1.7715118307484515e-11,9.407263883579337e-38,0.9999956834923429,4.3164899419501e-06
101,chicago-bears,2011,active,58,100736630.0,0.8169014084507042,0.9348530837212514,8,8,0.5,353,341,12,0.5,0.583,4.416087980966535,0.22136171232819835,,2,9.462454055807732e-13,7.639869970830092e-41,0.9999989535387139,1.046460339933692e-06
102,detroit-lions,2018,active,53,109575685.0,0.381294964028777,0.6243750946101133,6,10,0.375,324,360,-36,0.333,0.333,2.745275190266502,0.1798917731575922,,2,2.609320981259225e-05,3.283281830386012e-21,0.963160567456067,0.03681333933412036
103,kansas-city-chiefs,2011,active,51,102219859.0,0.8793103448275862,0.9856074026603838,7,9,0.438,212,338,-126,0.5,0.333,4.190211229037752,0.1380308175596019,,2,8.612773963253398e-12,1.5087641039685876e-38,0.9999969932264392,3.0067649476991784e-06
104,houston-texans,2011,active,56,112360071.0,0.7567567567567568,0.9301468747842218,10,6,0.625,381,278,103,0.667,0.667,4.082742561151505,-0.1923547341111591,,2,2.7197359616849796e-11,3.541553391665959e-39,0.9999959152631889,4.084709614039907e-06
105,carolina-panthers,2011,active,65,118717431.0,0.7926829268292683,0.958689899615114,6,10,0.375,406,429,-23,0.333,0.25,3.089104135523243,-0.380926113272926,,2,5.3711418822308186e-08,7.602617124046305e-29,0.9997042420703083,0.00029570421827291703
106,cincinnati-bengals,2018,active,53,112195970.0,0.4732142857142857,0.6221814604171488,6,10,0.375,368,455,-87,0.167,0.333,3.68045556132822,0.08092984172348094,,2,1.087433397514321e-09,9.993712057599017e-33,0.999956123895388,4.387501717830399e-05
107,arizona-cardinals,2018,active,53,107921249.0,0.3605442176870748,0.6241286235554809,3,13,0.188,225,425,-200,0.333,0.25,3.3846588961197233,-0.013206124974686432,,2,1.3263316587092374e-08,6.793502831011276e-30,0.9998281659398074,0.00017182079687592437
108,cincinnati-bengals,2011,active,56,100359460.0,0.691358024691358,0.9246336167948862,9,7,0.563,344,323,21,0.333,0.5,3.4552508185800193,0.0030984662318129753,,2,7.268740884840322e-09,1.3304728375261137e-30,0.999878439121187,0.00012155361007215914
109,kansas-city-chiefs,2018,active,52,143955068.0,0.4727272727272727,0.8138027391822388,12,4,0.75,565,421,144,0.833,0.833,2.6901837716572436,-0.7502968901439118,,2,3.8303357289756645e-07,1.56524964790318e-26,0.9987871900628735,0.0012124269035534733
110,green-bay-packers,2019,active,53,163872581.0,0.4774774774774775,0.8545864057026419,13,3,0.813,376,313,63,1.0,0.833,0.8126657057474115,-0.6877177758357761,,3,0.004060458240833575,5.922419469030471e-10,0.046934590800678085,0.9490049503662464
111,atlanta-falcons,2013,active,53,89778071.0,0.4568965517241379,0.7345959195830108,4,12,0.25,353,443,-90,0.167,0.25,-1.410241924823998,-1.9897916824766986,,3,9.23436122723782e-08,0.004259807622752111,0.0023010367856447886,0.9934390632479909
112,houston-texans,2023,active,53,142196787.0,0.292817679558011,0.6264767811114199,10,7,0.588,377,353,24,0.667,0.583,-1.356021009442983,-0.7708015846927451,,3,0.001034835196438131,0.3313652368946386,5.133544753481681e-09,0.6675999227753783
113,houston-texans,2022,active,52,113791851.0,0.3312101910828025,0.5350714592320903,3,13,0.206,289,420,-131,0.583,0.292,-0.6377494101677993,0.03372573260555294,,3,0.21435079466764478,0.09955498900389903,2.4487593591604592e-12,0.6860942163260076
114,houston-texans,2021,active,56,115736939.0,0.3333333333333333,0.6194920818478699,4,13,0.235,280,452,-172,0.5,0.333,-0.010213037431427078,0.12828143894886704,,3,0.22600724346626264,0.0011316964357377432,4.421684569445025e-10,0.7728610596558312
115,houston-texans,2013,active,53,77438733.0,0.4690265486725664,0.6253793594768525,2,14,0.125,276,428,-152,0.167,0.167,0.8391116391287065,0.6788644368099055,,3,0.30147854446605127,6.7021742143701735e-06,1.0771796242233113e-10,0.6985147532520166
116,houston-texans,2019,active,53,145821737.0,0.363013698630137,0.7360772906475644,10,6,0.625,378,385,-7,0.667,0.667,1.3977612078641983,0.07417899615903323,,3,0.023199084614874906,8.825071656570261e-11,0.0013908898251238531,0.9754100254717507
117,houston-texans,2012,active,58,99812333.0,0.6373626373626373,0.7967076015750512,12,4,0.75,416,331,85,0.833,0.833,0.4438126965211384,-1.179124258141219,,3,0.000405552802794156,1.754360418912394e-09,0.1329199437821946,0.8666745016606506
118,green-bay-packers,2020,active,52,165749106.0,0.3421052631578947,0.8292563726569661,13,3,0.813,509,369,140,0.833,0.833,-0.5860343975097526,-1.0503305708535555,,3,0.0005080089038785986,0.00037898614801294586,0.00013903598555937367,0.9989739689625491
119,green-bay-packers,2021,active,58,162492766.0,0.4,0.8961764322901945,13,4,0.765,450,371,79,0.667,0.75,-0.6239461114341375,-0.7285404442017064,,3,0.0037338977223096903,0.002890398337635819,2.1482466878956544e-06,0.9933735556933666
120,green-bay-packers,2022,active,53,162533410.0,0.375886524822695,0.7672183506848981,8,9,0.471,370,371,-1,0.5,0.5,-0.984833628255839,-0.2890530055470706,,3,0.03608592783203431,0.2525435108696034,3.810780225004757e-11,0.7113705612602544
121,atlanta-falcons,2014,active,54,103552592.0,0.4251968503937008,0.7785353368945578,6,10,0.375,381,417,-36,0.833,0.5,-0.13260776667081506,-0.22352535079879993,,3,0.0582569338245145,0.0005536306615011656,8.088145684435153e-08,0.9411893546325275
122,atlanta-falcons,2015,active,53,99720594.0,0.3655172413793103,0.7319691302005823,8,8,0.5,339,345,-6,0.167,0.417,-0.29960643975203305,0.2480470410328717,,3,0.4048205161834029,0.019215375634431552,1.0796317257020678e-12,0.5759641081810857
123,houston-texans,2015,active,52,102642525.0,0.3661971830985915,0.7207884762858701,9,7,0.563,339,313,26,0.833,0.583,-1.3812945800558543,-1.1737471977224254,,3,6.641501057460733e-05,0.10280399465340358,1.8846233789188908e-06,0.8971277057126428
124,houston-texans,2020,active,55,141313765.0,0.3548387096774194,0.6704281836381158,4,12,0.25,384,464,-80,0.333,0.25,0.5045687002710595,0.2924023188515581,,3,0.20992491736886232,2.032692910709268e-05,5.497471695033659e-09,0.7900547502045588
125,houston-texans,2014,active,53,97907252.0,0.381294964028777,0.7414777497570268,9,7,0.563,372,307,65,0.667,0.667,-0.38589901805736954,-0.37244720788492,,3,0.0301620963813405,0.0024076211027145434,8.47390159412803e-08,0.9674301977769292
126,indianapolis-colts,2019,active,53,142403804.0,0.4015151515151515,0.7261774024810086,7,9,0.438,361,373,-12,0.5,0.417,1.3862193558425115,0.36132055298833454,,3,0.04627866585271627,1.046547113102046e-09,2.0267370721350388e-05,0.9537010657300152
127,indianapolis-colts,2013,active,53,98729480.0,0.4453781512605042,0.7650719009029453,11,5,0.688,391,336,55,1.0,0.75,0.03669430543445756,-0.6353114474088724,,3,0.007219697852684255,9.153269869352158e-06,0.00012266596391186758,0.9926484829135347
128,kansas-city-chiefs,2022,active,53,181434543.0,0.3925925925925926,0.8839722403515443,14,3,0.824,496,369,127,1.0,0.75,-1.7137510585215765,-1.6845828553733253,,3,4.844666360671019e-07,0.11839002516911022,5.461316352019401e-05,0.8815548772007336
129,kansas-city-chiefs,2021,active,54,160366274.0,0.3941605839416058,0.8663195660861713,12,5,0.706,480,364,116,0.833,0.583,-0.4258697087268031,-0.5504447650171542,,3,0.011380278164719319,0.0013284439212402684,9.170702320958663e-07,0.9872903608438081
130,kansas-city-chiefs,2020,active,51,182730257.0,0.375,0.8430486304488262,14,2,0.875,473,362,111,0.667,0.833,-0.1685497943798995,-0.494801048487207,,3,0.015332609596945624,0.00016836279202323714,3.7667676031859263e-06,0.984495260843428
131,kansas-city-chiefs,2019,active,53,135179512.0,0.4568965517241379,0.8118548191745113,12,4,0.75,451,308,143,1.0,0.75,1.6168858678744258,-0.15709438549702603,,3,0.007563102097625645,4.727377783837771e-13,0.10459563248995517,0.8878412654119466
132,arizona-cardinals,2012,active,53,88769403.0,0.6385542168674698,0.7535743962476174,5,11,0.313,250,357,-107,0.167,0.25,1.1417049099817946,-0.4785262201873033,,3,0.006469616755888429,3.3358809990662656e-11,0.06978796663540235,0.9237424165753503
133,arizona-cardinals,2013,active,52,92369539.0,0.4952380952380952,0.7694502726430741,10,6,0.625,379,324,55,0.333,0.5,0.6586423151041995,0.33360792688491586,,3,0.18685141169731895,5.2402132614139416e-06,1.4076473505652382e-08,0.8131433340129463
134,arizona-cardinals,2014,active,54,93308619.0,0.3857142857142857,0.7003629654201645,11,5,0.688,310,299,11,0.5,0.667,-0.6079339594765326,-0.7901460247412271,,3,0.0025788144427448655,0.0018321838991098615,5.567698555609485e-06,0.9955834339595898
135,kansas-city-chiefs,2014,active,53,96516582.0,0.3840579710144927,0.7272307804923607,9,7,0.563,353,281,72,0.5,0.583,0.9958577261696877,1.166976704730706,,3,0.46080430021876895,2.8601932204235933e-05,8.85335967507113e-15,0.539167097849018
136,kansas-city-chiefs,2013,active,52,114803016.0,0.4193548387096774,0.8402388171176918,11,5,0.688,430,305,125,0.333,0.583,0.16317203636162272,-0.5378574913044394,,3,0.011376147528120164,4.378375154831792e-06,0.00010153067602956558,0.9885179434206955
137,kansas-city-chiefs,2012,active,59,113243727.0,0.6555555555555556,0.7841740262273066,2,14,0.125,211,425,-214,0.0,0.0,1.5460585823984943,0.14121599714712663,,3,0.019568999556911045,1.9022405298343178e-11,0.00217780193688595,0.9782531984871808
138,arizona-cardinals,2015,active,52,120691340.0,0.4031007751937984,0.8340337784836407,13,3,0.813,489,313,176,0.667,0.833,-1.00908226942525,-0.48140844294941126,,3,0.012423266525249914,0.1502329487406447,1.220703442542009e-09,0.8373437835134019
139,jacksonville-jaguars,2021,active,58,126905443.0,0.3741935483870968,0.7031813836097799,3,14,0.176,253,457,-204,0.167,0.25,0.39294950079213015,0.46612539156711574,,3,0.37731456240360683,0.00015416018817595906,3.999027787686385e-11,0.6225312773682269
140,jacksonville-jaguars,2020,active,54,87879404.0,0.3050847457627119,0.4768584163465829,1,15,0.063,306,492,-186,0.167,0.083,-0.5627923334874699,-0.7915265714964002,,3,0.002625592107363728,0.0012278071845476814,8.085919060850537e-06,0.9961385147890278
141,indianapolis-colts,2012,active,54,75488533.0,0.5684210526315789,0.6208173519856401,11,5,0.688,357,387,-30,0.667,0.667,0.9213686148256282,-0.44533620649010325,,3,0.009858790953813883,9.209063699745689e-10,0.011430696049458332,0.9787105120758216
142,jacksonville-jaguars,2019,active,53,122743628.0,0.3486842105263157,0.6441876725741752,6,10,0.375,300,397,-97,0.333,0.5,0.8139442331012369,-0.7757596937463492,,3,0.002694785712529225,2.8491231968121705e-10,0.08909670728499744,0.9082085067175609
143,arizona-cardinals,2020,active,53,134848837.0,0.3333333333333333,0.6945136885399334,8,8,0.5,410,367,43,0.333,0.5,0.030215591936628216,-0.29498320528436417,,3,0.038193086733887244,7.735599621289144e-05,1.1645206901904944e-06,0.9617283927492096
144,jacksonville-jaguars,2015,active,53,107546334.0,0.424,0.7900243504750049,5,11,0.313,376,448,-72,0.333,0.417,-0.6069492640559832,0.1218416344820461,,3,0.29451170014757816,0.10650923925126282,4.673744835779948e-13,0.5989790606006916
145,jacksonville-jaguars,2014,active,53,87789968.0,0.363013698630137,0.6795711066417367,3,13,0.188,249,412,-163,0.167,0.167,0.018407098522178287,0.11931876418285017,,3,0.21357593872908062,0.000840031737438839,7.278192284811217e-10,0.7855840288056612
146,jacksonville-jaguars,2013,active,53,66805513.0,0.4015151515151515,0.5558305006968066,4,12,0.25,247,449,-202,0.5,0.333,0.08888257643894305,0.04568243409822197,,3,0.15348982695443014,0.0003013902501724422,6.4820453087863804e-09,0.8462087763133522
147,jacksonville-jaguars,2012,active,57,94060155.0,0.5533980582524272,0.7262546002451025,2,14,0.125,255,444,-189,0.333,0.167,1.052388290761495,-0.5372885641685663,,3,0.005841821176951305,7.27893090237799e-11,0.06365808937428762,0.9305000893759721
148,arizona-cardinals,2021,active,56,153976241.0,0.3566878980891719,0.8056200196073173,11,6,0.647,449,366,83,0.667,0.583,1.1419210775680266,0.8492306381323851,,3,0.2176993974315603,8.11089921349e-07,1.3296402799686338e-10,0.7822997913455544
149,arizona-cardinals,2022,active,52,98153785.0,0.287292817679558,0.4792064777585684,4,13,0.235,340,449,-109,0.167,0.25,-0.5834581295561699,0.1890390121466069,,3,0.36266547863608195,0.10971814418147664,1.2467920237637837e-13,0.5276163771823169
150,indianapolis-colts,2021,active,57,170696313.0,0.4285714285714285,0.9112661060954684,9,8,0.529,451,365,86,0.5,0.583,-1.0979089543534926,-1.2556339140848336,,3,6.346890062231805e-05,0.01021599408943266,3.885688135300084e-05,0.9896816801285921
151,indianapolis-colts,2020,active,53,187851538.0,0.3925925925925926,0.8118552086738635,11,5,0.688,451,362,89,0.667,0.583,-0.5594651020307402,-1.5663133439869603,,3,1.6649536716508957e-05,1.6605079873261984e-05,0.009787919292376785,0.9901788260910335
152,atlanta-falcons,2019,active,52,132338075.0,0.3687943262411347,0.7182647922595655,7,9,0.438,381,399,-18,0.667,0.5,1.0508164516001282,-0.15467126474750015,,3,0.02280613528378519,1.5636026279832553e-09,0.0012578679497176556,0.9759359952028945
153,atlanta-falcons,2012,active,53,103035944.0,0.5698924731182796,0.808455052821718,13,3,0.813,419,299,120,0.5,0.75,1.364336134475551,-0.016104025738271525,,3,0.019703597527625384,6.714938755669557e-11,0.003236845980854463,0.9770595564243708
154,indianapolis-colts,2015,active,52,108214835.0,0.3151515151515151,0.75462477114277,8,8,0.5,333,408,-75,0.667,0.5,-0.7981004814714336,-0.43418211827614683,,3,0.02005330861593478,0.046661718628857304,4.596136963110085e-09,0.9332849681590709
155,indianapolis-colts,2014,active,52,95599118.0,0.3768115942028985,0.7726678448666833,11,5,0.688,458,369,89,1.0,0.75,1.2462370417566984,0.8737806170137417,,3,0.17474368787169492,2.966316313442509e-07,3.0156610140362853e-10,0.8252560151951077
156,arizona-cardinals,2019,active,53,118348287.0,0.3706293706293706,0.616333361068302,5,10,0.344,361,442,-81,0.167,0.292,0.7962397478319747,-0.6655358698874781,,3,0.004546178482913451,8.804315647465729e-10,0.0355449392485493,0.9599088813881056
157,atlanta-falcons,2020,active,54,166160239.0,0.3941605839416058,0.833568684711677,4,12,0.25,396,414,-18,0.167,0.167,-0.337776583487631,-0.7301834914170304,,3,0.0041661025484224555,0.00022064822044917895,2.1546646943626715e-05,0.9955917025841845
158,carolina-panthers,2021,active,56,96749377.0,0.345679012345679,0.5322569687615851,5,12,0.294,304,404,-100,0.333,0.25,0.2249372819345414,0.23814157225998617,,3,0.25438573309281387,0.00023069781777307265,6.77370671125861e-10,0.7453835684120423
159,green-bay-packers,2014,active,54,123610693.0,0.4695652173913043,0.922211552219196,12,4,0.75,486,348,138,0.833,0.75,-0.9648291044890247,-0.8071460450285817,,3,0.001728463837442716,0.029047928559475703,3.805232295805103e-07,0.9692232270798519
160,cleveland-browns,2021,active,56,126473899.0,0.3544303797468354,0.6241196536148454,8,9,0.471,349,371,-22,0.5,0.417,0.2834327969652572,0.44132206191802503,,3,0.40463635179086604,0.00036608510519347013,1.7659093399810586e-11,0.5949975630862814
161,cleveland-browns,2020,active,52,143629461.0,0.3170731707317073,0.7213871557104976,11,5,0.688,408,419,-11,0.5,0.583,0.2503649372912301,-0.2937302551279121,,3,0.03329880971974281,8.073634850217223e-06,8.235654081012426e-06,0.9666848809913259
162,cleveland-browns,2019,active,53,156151812.0,0.3868613138686131,0.7339552510772555,6,10,0.375,335,393,-58,0.5,0.5,1.0545139077104522,0.06795730789080645,,3,0.04450361130631579,8.087482110323771e-09,6.725158741398959e-05,0.9554291290187882
163,buffalo-bills,2019,active,53,152820449.0,0.4568965517241379,0.8742339198823887,10,6,0.625,314,259,55,0.5,0.583,0.8566552182182575,-0.6764716895239784,,3,0.004089530560417014,3.5558690472121126e-10,0.05628505360793185,0.9396254154760643
164,buffalo-bills,2020,active,52,200165512.0,0.3636363636363636,0.917228199147817,13,3,0.813,501,375,126,1.0,0.833,0.32536445988880164,-0.365896363021798,,3,0.023036024897118656,2.2511139112505783e-06,4.251778793636935e-05,0.9769192062010337
165,cleveland-browns,2015,active,53,102057621.0,0.424,0.730822801343611,3,13,0.188,278,432,-154,0.167,0.167,-1.0027893149623546,-0.2749534017782776,,3,0.03733701056397987,0.2866258133614742,2.2809638563825432e-11,0.6760371760517362
166,cleveland-browns,2014,active,55,97109089.0,0.4074074074074074,0.7171951131841403,7,9,0.438,299,337,-38,0.333,0.333,0.7944619878244862,0.9246492844520018,,3,0.48116440804440613,4.369773896863107e-05,1.9632281907934087e-13,0.518791894216429
167,cleveland-browns,2013,active,52,80881583.0,0.4684684684684684,0.7348411497683979,4,12,0.25,308,406,-98,0.333,0.25,0.5780339692902782,0.022342709951302327,,3,0.08102351976354683,1.723170280472608e-06,1.4222884956931465e-06,0.9189733347776772
168,cleveland-browns,2012,active,61,103841976.0,0.6703296703296703,0.8154020421333555,5,11,0.313,302,368,-66,0.333,0.417,-0.2508529637420682,-1.7778316016770699,,3,6.225281083421813e-06,1.552033857255988e-07,0.07058048220466118,0.9294131373108699
169,buffalo-bills,2021,active,55,165564312.0,0.3571428571428571,0.8744402475116931,11,6,0.647,483,289,194,0.833,0.583,-1.1753723434383156,-1.5607353219035829,,3,5.490956791462424e-06,0.0045976333619731245,0.0004247805147067352,0.9949720951665287
170,buffalo-bills,2022,active,53,163264230.0,0.3581081081081081,0.7898934479440999,13,3,0.813,455,286,169,0.667,0.818,-0.4238006609696682,0.2723510876259808,,3,0.4511476992211955,0.04911749540459535,1.2534215059998236e-13,0.4997348053740839
171,cincinnati-bengals,2022,active,54,175096752.0,0.432,0.8330004536440017,12,4,0.75,418,322,96,0.5,0.727,-0.381815763706771,0.20545973364600228,,3,0.3724501295207875,0.03036172580738919,1.0662039252712598e-12,0.5971881446707574
172,cincinnati-bengals,2021,active,61,154339838.0,0.4265734265734265,0.8068513345371152,10,7,0.588,460,376,84,0.667,0.667,-1.1318800587927813,-0.9726984120672976,,3,0.000452313197207727,0.04581587331012865,9.700993227577605e-07,0.9537308433933409
173,cincinnati-bengals,2020,active,54,115462613.0,0.3724137931034483,0.5842145255597786,4,11,0.281,311,424,-113,0.167,0.333,-0.13148869621442263,-0.09181258813375895,,3,0.10547206325342577,0.0011079469324352974,8.247723725706335e-09,0.893419981566415
174,cincinnati-bengals,2019,active,52,132358691.0,0.40625,0.7156266446741402,2,14,0.125,279,420,-141,0.167,0.167,0.8672155670714674,-0.45319078894019527,,3,0.010147654146017615,1.7710278640025423e-09,0.008351712119250983,0.9815006319637035
175,cincinnati-bengals,2014,active,55,115809145.0,0.4508196721311475,0.8797272547349632,10,5,0.656,365,344,21,0.5,0.583,-0.8135086865293122,-0.6918524999665276,,3,0.004169015502057398,0.01600772523975647,2.5729721825328157e-07,0.979823001960968
176,cincinnati-bengals,2013,active,52,92938874.0,0.4770642201834862,0.7314206381088857,11,5,0.688,430,305,125,0.5,0.667,-0.014014539322543306,-0.3690421090959001,,3,0.027521385619839564,7.74970246146962e-05,2.3690383506397315e-06,0.9723987483171951
177,cincinnati-bengals,2012,active,54,90753643.0,0.6136363636363636,0.7730801765342692,10,6,0.625,391,320,71,0.5,0.583,0.39234048176637615,-1.3949184074966887,,3,0.00011326032162060943,6.418692901110075e-10,0.22686294462960466,0.7730237944069054
178,carolina-panthers,2012,active,53,89824130.0,0.5638297872340425,0.708177393512977,7,9,0.438,357,363,-6,0.5,0.417,-0.05917271021210461,-1.3416167252921385,,3,0.00013301840610202345,2.9011447099837525e-07,0.029982882128070567,0.9698838093513562
179,carolina-panthers,2013,active,53,72439817.0,0.4491525423728814,0.655376268036181,12,4,0.75,366,241,125,0.833,0.75,-0.880475486586309,-1.225643297310002,,3,0.0001103190745838193,0.002036271823902321,0.00011905241546960609,0.997734356686044
180,carolina-panthers,2014,active,53,88019888.0,0.4076923076923077,0.6598221043279925,7,8,0.469,339,374,-35,0.667,0.5,0.23222205280900873,-0.22636612021278635,,3,0.045139129644238246,1.4899786000455894e-05,2.6017547189622913e-06,0.9548433688150423
181,chicago-bears,2021,active,53,128620134.0,0.3706293706293706,0.6814333974197235,6,11,0.353,311,407,-96,0.333,0.333,-0.16872539847456328,-0.3667404115938342,,3,0.029524911705940054,0.00034972633413822167,5.719569812209343e-07,0.9701247900029404
182,chicago-bears,2020,active,53,163818846.0,0.3533333333333333,0.8002360512700615,8,8,0.5,372,370,2,0.333,0.5,1.1163559402350813,0.5968609876521378,,3,0.1448587195741314,1.8340213045042688e-07,1.7283295976192523e-08,0.855141079740442
183,chicago-bears,2019,active,53,140944391.0,0.4206349206349206,0.7707692658860911,8,8,0.5,280,298,-18,0.667,0.583,1.3953241777984982,-0.04693274240316848,,3,0.01707116581441506,3.368406599609543e-11,0.006067939782332899,0.9768608943695681
184,carolina-panthers,2019,active,53,117133265.0,0.424,0.6390034126784552,5,11,0.313,340,470,-130,0.167,0.167,1.0758623388218929,-0.798223812974637,,3,0.0015212232459242848,4.548616894832971e-12,0.34386988313384487,0.6546088936156823
185,chicago-bears,2015,active,53,89976736.0,0.3680555555555556,0.6358208005148483,6,10,0.375,335,397,-62,0.167,0.25,-1.3252747634533368,-1.0628937001301724,,3,0.00016700378857287455,0.11079802997695097,6.74562719694309e-07,0.8890342916717566
186,carolina-panthers,2020,active,53,119293249.0,0.3291925465838509,0.5846581957495444,5,11,0.313,350,402,-52,0.167,0.333,1.2964558351271112,0.9006863877214903,,3,0.1595322423396432,2.0157538349390167e-07,3.232857518135326e-10,0.8404675557616876
187,chicago-bears,2013,active,55,101899959.0,0.5288461538461539,0.8012903295816968,8,8,0.5,445,478,-33,0.333,0.333,0.32933957430579974,-0.24189467246338897,,3,0.03901270491339071,4.799151312859372e-06,7.877167262462918e-06,0.960974618768034
188,chicago-bears,2012,active,58,110878054.0,0.651685393258427,0.8600453995280403,10,6,0.625,375,277,98,0.5,0.583,0.8697261706789435,-0.4409604316798218,,3,0.010606042178454215,1.881093419370652e-09,0.007516789119235548,0.9818771668212168
189,buffalo-bills,2015,active,53,91749336.0,0.3509933774834437,0.6632058371904122,8,8,0.5,379,359,20,0.667,0.583,-0.40255413622676595,0.13113609797922926,,3,0.2971745364678379,0.02750861597988386,4.57779666947493e-12,0.6753168475477005
190,atlanta-falcons,2021,active,55,141096481.0,0.3741496598639456,0.7606287869079055,7,10,0.412,313,459,-146,0.333,0.333,-0.4097024382679122,-0.36870666125466534,,3,0.030862942119651075,0.0030134662379792464,6.378362118490614e-08,0.9661235278587486
191,buffalo-bills,2014,active,53,110273422.0,0.4344262295081967,0.7466805638248522,9,7,0.563,343,289,54,0.667,0.417,0.5961993477484715,0.26298349361557116,,3,0.16902353489236957,6.565383029535352e-06,2.6574306089988723e-08,0.8309698731502947
192,dallas-cowboys,2013,active,54,72038158.0,0.3857142857142857,0.6197359157218126,8,8,0.5,439,432,7,0.833,0.583,-0.0938718985258059,-0.5941983191514169,,3,0.009041631472228692,4.510876268468736e-05,2.6540287535467014e-05,0.9908867194775511
193,green-bay-packers,2013,active,52,100707865.0,0.490566037735849,0.8344905426667587,8,7,0.531,417,428,-11,0.583,0.542,-0.5228194834755078,-0.7650210458755401,,3,0.003151194783650702,0.0009932288117131555,7.87014841964841e-06,0.9958477062562164
194,green-bay-packers,2012,active,56,103558073.0,0.5894736842105263,0.8650710987065159,11,5,0.688,433,336,97,0.833,0.667,1.4880611636404613,-0.43739125656885425,,3,0.0032357584558864493,2.1108374180512898e-13,0.35372905431351226,0.6430351872303904
195,baltimore-ravens,2012,active,56,101262723.0,0.5436893203883495,0.7798366480993113,10,6,0.625,398,344,54,0.667,0.667,0.4184038397903705,-1.1766575262760295,,3,0.0004141310828899391,2.5149917073896535e-09,0.11789527013142678,0.8816905962706915
196,baltimore-ravens,2013,active,53,103969958.0,0.4818181818181818,0.8377455368135689,8,8,0.5,320,352,-32,0.5,0.5,0.7112711115892045,0.3161791860059795,,3,0.16373867883045146,2.6630830154878354e-06,3.506456423912729e-08,0.836258623021969
197,detroit-lions,2021,active,56,76519893.0,0.3333333333333333,0.3892308988624162,3,13,0.206,325,467,-142,0.333,0.25,0.12602722739832253,0.3521045648369664,,3,0.3853716170472612,0.0009624783677388571,1.8539412859526264e-11,0.6136659045664603
198,detroit-lions,2020,active,52,136316057.0,0.3421052631578947,0.6772657129805291,5,11,0.313,377,519,-142,0.167,0.333,-0.48787904776590985,-0.5563058178557305,,3,0.010900666452974496,0.002213527101479972,5.834198809977719e-07,0.9868852230256647
199,detroit-lions,2019,active,53,93511403.0,0.381294964028777,0.529427204310921,3,12,0.219,341,423,-82,0.0,0.208,0.29420300732991334,-0.9403264138579872,,3,0.0015040832561743224,6.806152113257945e-08,0.0143400514330062,0.9841557972492984
200,carolina-panthers,2022,active,53,128149331.0,0.3581081081081081,0.6336214205524258,7,10,0.412,347,374,-27,0.667,0.5,-1.1417082423971516,-0.740631689090484,,3,0.0020897261432863464,0.12409247344690433,2.786185508998388e-08,0.8738177725479542
201,baltimore-ravens,2015,active,52,65521036.0,0.3076923076923077,0.4639739748139477,5,11,0.313,328,401,-73,0.5,0.333,-0.6385135672413358,-0.3905940873121925,,3,0.027259281413314178,0.01747947517845004,1.0359284948766241e-08,0.9552612330489508
202,detroit-lions,2014,active,54,112293516.0,0.4426229508196721,0.8481910107740981,11,5,0.688,321,282,39,0.833,0.75,0.46721469437793395,0.10069677463563742,,3,0.12226306710049452,9.457609846337722e-06,1.2547586146806983e-07,0.8777273498137976
203,detroit-lions,2013,active,52,91836977.0,0.4444444444444444,0.7667825366876275,7,9,0.438,395,376,19,0.667,0.5,0.6363657939246732,0.11197241467718089,,3,0.10051920995324004,1.6184298280157722e-06,5.835019638975066e-07,0.8994785881149683
204,detroit-lions,2012,active,58,112681183.0,0.6041666666666666,0.8491381455112552,4,12,0.25,372,437,-65,0.0,0.25,1.6453345297972106,0.45101296285366577,,3,0.028106211940731027,6.302802305335125e-11,6.857571938283252e-05,0.9718252122768583
205,denver-broncos,2022,active,53,108893408.0,0.3028571428571429,0.514968644716025,5,12,0.294,287,359,-72,0.167,0.25,-2.203535299694066,-2.2430944212173825,,3,4.559470962009595e-10,0.26953661853851646,0.0002792014987331739,0.7301841795068034
206,denver-broncos,2021,active,55,107269390.0,0.3594771241830065,0.5695401908698413,7,10,0.412,335,322,13,0.167,0.25,-0.2837206646518142,-1.0149234806557152,,3,0.000805831331255292,2.513258271333469e-05,0.0007300704865561634,0.9984389655994752
207,denver-broncos,2020,active,53,102374592.0,0.363013698630137,0.5229059059672452,5,11,0.313,323,446,-123,0.167,0.333,-0.6743525814146192,-0.9431813083002136,,3,0.0009347376039361512,0.001467808339985291,2.2519828668070827e-05,0.9975749342274104
208,denver-broncos,2019,active,52,105297174.0,0.3768115942028985,0.5778269977402407,7,9,0.438,282,316,-34,0.5,0.5,0.6273534099535046,-0.7235431799026137,,3,0.003959330389346425,5.167123701547657e-09,0.01960213726623764,0.9764385271772922
209,baltimore-ravens,2019,active,53,139521776.0,0.4108527131782946,0.7342149002712629,14,2,0.875,531,282,249,0.833,0.833,1.4500204094090017,-0.30615296283701654,,3,0.006774238842812954,1.5500384505935989e-12,0.12280657389865994,0.8704191872569772
210,baltimore-ravens,2020,active,53,135700177.0,0.3251533742331288,0.7105121390474107,11,5,0.688,468,303,165,0.667,0.583,-0.367118462495948,-0.9282678867013932,,3,0.00128465959421368,9.490998112351092e-05,0.00017263986899370383,0.9984477905556692
211,baltimore-ravens,2021,active,56,113199729.0,0.3393939393939394,0.6193156636352242,8,9,0.471,387,392,-5,0.167,0.417,-0.49768972798412586,-0.4950204418459302,,3,0.015427581455855287,0.0033144449902330632,2.11689555554214e-07,0.981257761864356
212,denver-broncos,2014,active,52,120462699.0,0.4227642276422764,0.8913884129768742,12,4,0.75,482,354,128,1.0,0.833,0.8176969324818653,0.8237822049401353,,3,0.4015354069713987,1.978428154405881e-05,3.0767859668195323e-12,0.5984448087439801
213,denver-broncos,2013,active,53,96535491.0,0.5196078431372549,0.7247286813848866,13,3,0.813,606,399,207,0.833,0.75,-0.11782428113789438,-0.7393569636815998,,3,0.004158365989718897,2.407269033104046e-05,0.00012837463936260773,0.9956891866805876
214,denver-broncos,2012,active,56,115818873.0,0.6021505376344086,0.8711530119411854,13,3,0.813,481,289,192,1.0,0.833,0.5427307396414691,-1.908619309230371,,3,6.275388062096217e-06,1.4476361112009523e-12,0.36054281636820457,0.6394509082422859
215,dallas-cowboys,2021,active,58,167631750.0,0.4113475177304964,0.8164134511836388,12,5,0.706,530,358,172,1.0,0.833,0.4315192770360314,0.39970138173867487,,3,0.3078430024615428,7.626348727685142e-05,2.686881487299546e-10,0.6920807337824922
216,dallas-cowboys,2020,active,52,108629975.0,0.3421052631578947,0.5679033598583072,6,10,0.375,395,473,-78,0.333,0.417,-0.5609135287692044,-0.7886396960524862,,3,0.0026752294001392077,0.0012263052195239834,7.907208326919193e-06,0.9960905581720099
217,dallas-cowboys,2019,active,52,148849800.0,0.4444444444444444,0.8162078959811196,8,8,0.5,434,321,113,0.833,0.583,1.0776310702704062,-0.3794879423333856,,3,0.010328727840336447,1.8730504697969694e-10,0.018488706231991617,0.971182565740367
218,buffalo-bills,2012,active,54,79492678.0,0.4655172413793103,0.6002473866200598,6,10,0.375,344,435,-91,0.333,0.417,0.8861564813035545,-0.7082209751642617,,3,0.003425422251001892,1.8172902711913972e-10,0.08441447077835319,0.9121601067889158
219,buffalo-bills,2013,active,55,93306218.0,0.4435483870967742,0.8102898986709257,6,10,0.375,339,388,-49,0.5,0.417,1.5255980412789742,0.8798468690114243,,3,0.07919181481908201,1.0445870158344807e-08,8.79865131383478e-09,0.9208081659363965
220,dallas-cowboys,2015,active,52,80128732.0,0.3132530120481928,0.5814161088319049,4,12,0.25,275,374,-99,0.5,0.25,-0.7713703641373629,0.00926226635050664,,3,0.17977084486944162,0.20215919123646264,8.081135929983157e-13,0.6180699638932876
221,dallas-cowboys,2014,active,51,87696782.0,0.3566433566433566,0.6734128007002153,12,4,0.75,467,352,115,0.667,0.667,1.1843392951818725,0.7786716986236314,,3,0.1742154165359728,3.0522834476188513e-07,1.0240081786078526e-09,0.8257842772116741
222,dallas-cowboys,2012,active,58,96795939.0,0.5225225225225225,0.7356555569074384,8,8,0.5,376,400,-24,0.5,0.417,-0.3050199258004782,-2.434978324002001,,3,5.5456078300241584e-08,4.483834243730559e-09,0.038861984695464216,0.9611379553646235
223,baltimore-ravens,2014,active,52,96142927.0,0.3586206896551724,0.7699403350443843,10,6,0.625,409,302,107,0.5,0.5,0.4191313323295943,0.5288841032816198,,3,0.41738397959239765,0.00016574868497681327,1.3672903559292911e-11,0.5824502717089526
224,las-vegas-raiders,2011,active,52,105625393.0,0.8387096774193549,0.9578965212973454,8,8,0.5,359,433,-74,0.5,0.5,,,,,,,,
225,las-vegas-raiders,2012,active,60,80880556.0,0.6896551724137931,0.6997890671324719,4,12,0.25,290,443,-153,0.333,0.333,,,,,,,,
226,las-vegas-raiders,2013,active,54,56659660.0,0.4655172413793103,0.4662032959882176,4,12,0.25,322,453,-131,0.167,0.333,,,,,,,,
227,las-vegas-raiders,2014,active,55,78110193.0,0.4296875,0.6276812231992592,3,13,0.188,253,452,-199,0.167,0.167,,,,,,,,
228,las-vegas-raiders,2015,active,54,94352516.0,0.3776223776223776,0.6883435531082613,7,9,0.438,359,399,-40,0.5,0.583,,,,,,,,
229,las-vegas-raiders,2016,active,53,142746501.0,0.5096153846153846,0.868630648440428,12,4,0.75,416,385,31,0.5,0.75,,,,,,,,
230,las-vegas-raiders,2017,active,53,144377592.0,0.5247524752475248,0.8779824009816151,6,10,0.375,301,373,-72,0.333,0.417,,,,,,,,
231,las-vegas-raiders,2018,active,53,115252545.0,0.3581081081081081,0.6443360669332595,4,12,0.25,290,467,-177,0.167,0.25,,,,,,,,
232,las-vegas-raiders,2019,active,51,119270203.0,0.3566433566433566,0.6888425917481962,7,9,0.438,313,419,-106,0.5,0.417,,,,,,,,
233,las-vegas-raiders,2020,active,53,165917480.0,0.3785714285714285,0.7747879825065794,8,8,0.5,434,478,-44,0.667,0.5,,,,,,,,
234,las-vegas-raiders,2021,active,54,129494524.0,0.3576158940397351,0.6817978198753406,10,7,0.588,374,439,-65,0.5,0.667,,,,,,,,
235,las-vegas-raiders,2022,active,53,122209751.0,0.3117647058823529,0.612068709357617,6,11,0.353,395,418,-23,0.5,0.417,,,,,,,,
236,las-vegas-raiders,2023,active,52,155882148.0,0.3229813664596273,0.6975473846094626,8,9,0.471,332,331,1,0.667,0.5,,,,,,,,
237,las-vegas-raiders,2024,active,54,111854212.0,0.3483870967741935,0.4937462516867079,4,13,0.235,309,434,-125,0.0,0.25,,,,,,,,
238,los-angeles-chargers,2011,active,59,110231108.0,0.7108433734939759,0.9054144480039787,8,8,0.5,406,377,29,0.5,0.583,,,,,,,,
239,los-angeles-chargers,2012,active,55,94427351.0,0.6395348837209303,0.749617083613538,7,9,0.438,350,350,0,0.667,0.583,,,,,,,,
240,los-angeles-chargers,2013,active,53,94062621.0,0.4732142857142857,0.7809118855653091,9,7,0.563,396,348,48,0.667,0.5,,,,,,,,
241,los-angeles-chargers,2014,active,54,94825621.0,0.3776223776223776,0.7064059481486903,9,7,0.563,348,348,0,0.333,0.5,,,,,,,,
242,los-angeles-chargers,2015,active,53,91395667.0,0.3192771084337349,0.6490493975928855,4,12,0.25,320,398,-78,0.0,0.25,,,,,,,,
243,los-angeles-chargers,2016,active,53,101639984.0,0.3680555555555556,0.653757921598011,5,11,0.313,410,423,-13,0.167,0.333,,,,,,,,
244,los-angeles-chargers,2017,active,53,127034223.0,0.4380165289256198,0.8058570187188152,9,7,0.563,355,272,83,0.5,0.5,,,,,,,,
245,los-angeles-chargers,2018,active,53,144473149.0,0.4608695652173913,0.8149124601612834,12,4,0.75,428,329,99,0.667,0.75,,,,,,,,
246,los-angeles-chargers,2019,active,53,155395193.0,0.4308943089430894,0.8440917146076523,5,11,0.313,337,345,-8,0.0,0.25,,,,,,,,
247,los-angeles-chargers,2020,active,55,134191298.0,0.4198473282442748,0.6852399886481767,7,9,0.438,384,426,-42,0.5,0.5,,,,,,,,
248,los-angeles-chargers,2021,active,53,159785508.0,0.4308943089430894,0.8729191861542198,9,8,0.529,474,459,15,0.5,0.5,,,,,,,,
249,los-angeles-chargers,2022,active,53,175316296.0,0.375886524822695,0.8264581525702739,10,7,0.588,391,384,7,0.333,0.583,,,,,,,,
250,los-angeles-chargers,2023,active,53,132544014.0,0.3680555555555556,0.6065673243758186,5,12,0.294,346,398,-52,0.167,0.25,,,,,,,,
251,los-angeles-chargers,2024,active,53,183462766.0,0.3045977011494253,0.7060535520806609,11,6,0.647,402,301,101,0.667,0.667,,,,,,,,
252,los-angeles-rams,2011,active,58,104892581.0,0.7631578947368421,0.9705415368232664,2,14,0.125,193,407,-214,0.0,0.083,,,,,,,,
253,los-angeles-rams,2012,active,55,97024559.0,0.5913978494623656,0.8078715582215008,7,8,0.469,299,348,-49,0.75,0.542,,,,,,,,
254,los-angeles-rams,2013,active,53,69722934.0,0.5520833333333334,0.5607755144313712,7,9,0.438,348,364,-16,0.167,0.333,,,,,,,,
255,los-angeles-rams,2014,active,53,91476742.0,0.4380165289256198,0.6981511485586905,6,10,0.375,324,354,-30,0.333,0.333,,,,,,,,
256,los-angeles-rams,2015,active,53,94007833.0,0.3897058823529412,0.6682060638343772,7,9,0.438,280,330,-50,0.667,0.5,,,,,,,,
257,los-angeles-rams,2016,active,53,109645297.0,0.4173228346456692,0.7326407771336781,4,12,0.25,224,394,-170,0.333,0.25,,,,,,,,
258,los-angeles-rams,2017,active,53,137063130.0,0.4568965517241379,0.8736447947193234,11,5,0.688,478,329,149,0.667,0.583,,,,,,,,
259,los-angeles-rams,2018,active,53,158606483.0,0.4568965517241379,0.8817511665157818,13,3,0.813,527,384,143,1.0,0.75,,,,,,,,
260,los-angeles-rams,2019,active,53,162333485.0,0.5196078431372549,0.8969822552118604,9,7,0.563,394,364,30,0.5,0.583,,,,,,,,
261,los-angeles-rams,2020,active,53,153700759.0,0.4108527131782946,0.7817479061402801,10,6,0.625,372,296,76,0.5,0.75,,,,,,,,
262,los-angeles-rams,2021,active,54,121817079.0,0.3333333333333333,0.6611960580979585,12,5,0.706,460,372,88,0.5,0.667,,,,,,,,
263,los-angeles-rams,2022,active,54,113511363.0,0.3417721518987341,0.5667912047764121,5,12,0.294,307,384,-77,0.167,0.25,,,,,,,,
264,los-angeles-rams,2023,active,52,131880407.0,0.348993288590604,0.6072553259208199,10,7,0.588,404,377,27,0.833,0.667,,,,,,,,
265,los-angeles-rams,2024,active,53,209446790.0,0.363013698630137,0.8226347736979731,10,7,0.588,367,386,-19,0.667,0.5,,,,,,,,
266,miami-dolphins,2011,active,62,113956396.0,0.6739130434782609,0.8579931482306912,6,10,0.375,329,313,16,0.5,0.417,,,,,,,,
267,miami-dolphins,2012,active,63,89473120.0,0.5675675675675675,0.7316335413898349,7,9,0.438,288,317,-29,0.333,0.417,,,,,,,,
268,miami-dolphins,2013,active,53,81123929.0,0.4344262295081967,0.7220362590257949,8,8,0.5,317,335,-18,0.333,0.583,,,,,,,,
269,miami-dolphins,2014,active,51,104746850.0,0.3290322580645161,0.7352926620892438,8,8,0.5,388,373,15,0.5,0.5,,,,,,,,
270,miami-dolphins,2015,active,52,90566641.0,0.3170731707317073,0.6251194514570427,6,10,0.375,310,389,-79,0.167,0.333,,,,,,,,
271,miami-dolphins,2016,active,50,98532410.0,0.4032258064516129,0.6508629152474678,10,6,0.625,363,380,-17,0.667,0.583,,,,,,,,
272,miami-dolphins,2017,active,53,102474406.0,0.4732142857142857,0.5959627033764683,6,10,0.375,281,393,-112,0.333,0.417,,,,,,,,
273,miami-dolphins,2018,active,53,123506032.0,0.4380165289256198,0.7253985576726827,7,9,0.438,319,433,-114,0.667,0.5,,,,,,,,
274,miami-dolphins,2019,active,54,60872168.0,0.3624161073825503,0.3463408981971826,5,11,0.313,306,494,-188,0.333,0.333,,,,,,,,
275,miami-dolphins,2020,active,53,156504710.0,0.4076923076923077,0.7718901723794906,10,6,0.625,404,338,66,0.5,0.583,,,,,,,,
276,miami-dolphins,2021,active,55,149454584.0,0.3873239436619718,0.7657899428983659,9,8,0.529,341,373,-32,0.667,0.5,,,,,,,,
277,miami-dolphins,2022,active,53,149787507.0,0.3732394366197183,0.7182005550245,9,8,0.529,397,399,-2,0.5,0.583,,,,,,,,
278,miami-dolphins,2023,active,53,172821528.0,0.363013698630137,0.7716087115826744,11,6,0.647,496,391,105,0.667,0.583,,,,,,,,
279,miami-dolphins,2024,active,53,138344211.0,0.3271604938271605,0.5805018835294469,8,9,0.471,345,364,-19,0.5,0.5,,,,,,,,
280,minnesota-vikings,2011,active,57,109353701.0,0.75,0.898897605777042,3,13,0.188,340,449,-109,0.0,0.25,,,,,,,,
281,minnesota-vikings,2012,active,56,101179587.0,0.6153846153846154,0.8707764533959925,10,6,0.625,379,348,31,0.667,0.583,,,,,,,,
282,minnesota-vikings,2013,active,54,117391509.0,0.4778761061946903,0.9083233569157012,5,10,0.344,391,480,-89,0.417,0.375,,,,,,,,
283,minnesota-vikings,2014,active,54,88042001.0,0.3829787234042553,0.6771413140191547,7,9,0.438,325,343,-18,0.167,0.5,,,,,,,,
284,minnesota-vikings,2015,active,53,118160753.0,0.424,0.8036917470286976,11,5,0.688,365,302,63,0.833,0.667,,,,,,,,
285,minnesota-vikings,2016,active,53,119127210.0,0.4416666666666666,0.7577975877464982,8,8,0.5,327,307,20,0.333,0.417,,,,,,,,
286,minnesota-vikings,2017,active,53,117742794.0,0.4774774774774775,0.7667853779517159,13,3,0.813,382,252,130,0.833,0.833,,,,,,,,
287,minnesota-vikings,2018,active,53,179040838.0,0.452991452991453,0.9106468389233092,8,7,0.531,360,341,19,0.583,0.542,,,,,,,,
288,minnesota-vikings,2019,active,51,177166406.0,0.4112903225806452,0.9274904732933262,10,6,0.625,407,303,104,0.333,0.583,,,,,,,,
289,minnesota-vikings,2020,active,52,112701789.0,0.3398692810457516,0.57787074643569,7,9,0.438,430,475,-45,0.667,0.417,,,,,,,,
290,minnesota-vikings,2021,active,56,118144787.0,0.3758389261744966,0.6263618078983123,8,9,0.471,425,426,-1,0.667,0.5,,,,,,,,
291,minnesota-vikings,2022,active,54,162760165.0,0.3941605839416058,0.7795386998688,13,4,0.765,424,427,-3,0.667,0.667,,,,,,,,
292,minnesota-vikings,2023,active,52,122035441.0,0.3312101910828025,0.5736422809183153,7,10,0.412,344,362,-18,0.333,0.5,,,,,,,,
293,minnesota-vikings,2024,active,52,164432512.0,0.3270440251572327,0.6510547394843448,14,3,0.824,432,332,100,0.667,0.75,,,,,,,,
294,new-england-patriots,2011,active,64,100597539.0,0.6153846153846154,0.9337372120933956,13,3,0.813,513,342,171,0.833,0.833,,,,,,,,
295,new-england-patriots,2012,active,63,101700267.0,0.4921875,0.7942748863358133,12,4,0.75,557,331,226,1.0,0.917,,,,,,,,
296,new-england-patriots,2013,active,53,84784241.0,0.4015151515151515,0.6835394511246374,12,4,0.75,444,338,106,0.667,0.75,,,,,,,,
297,new-england-patriots,2014,active,54,109964588.0,0.3698630136986301,0.8186650158653281,12,4,0.75,468,313,155,0.667,0.75,,,,,,,,
298,new-england-patriots,2015,active,52,96415003.0,0.3058823529411765,0.6822632616611253,12,4,0.75,465,315,150,0.667,0.75,,,,,,,,
299,new-england-patriots,2016,active,53,117616342.0,0.4015151515151515,0.7964545874583633,14,2,0.875,441,250,191,0.833,0.917,,,,,,,,
300,new-england-patriots,2017,active,52,129468455.0,0.3909774436090225,0.7908236811877379,13,3,0.813,458,296,162,0.833,0.833,,,,,,,,
301,new-england-patriots,2018,active,52,155807993.0,0.3969465648854962,0.8861151766083964,11,5,0.688,436,325,111,0.833,0.667,,,,,,,,
302,new-england-patriots,2019,active,53,156633955.0,0.381294964028777,0.8032982316648577,12,4,0.75,420,225,195,0.833,0.667,,,,,,,,
303,new-england-patriots,2020,active,53,103996819.0,0.3099415204678362,0.5571766863028881,7,9,0.438,326,353,-27,0.5,0.5,,,,,,,,
304,new-england-patriots,2021,active,59,147576468.0,0.3959731543624161,0.7357737632282094,10,7,0.588,462,303,159,0.5,0.667,,,,,,,,
305,new-england-patriots,2022,active,53,161125235.0,0.3785714285714285,0.7746235930969089,8,9,0.471,364,347,17,0.5,0.5,,,,,,,,
306,new-england-patriots,2023,active,53,122696951.0,0.3655172413793103,0.5530591144914996,4,13,0.235,236,366,-130,0.333,0.333,,,,,,,,
307,new-england-patriots,2024,active,53,130015616.0,0.3212121212121212,0.5662357283980046,4,13,0.235,289,417,-128,0.333,0.25,,,,,,,,
308,new-orleans-saints,2011,active,46,96762948.0,0.8363636363636363,0.9245982873743184,13,3,0.813,547,339,208,0.833,0.75,,,,,,,,
309,new-orleans-saints,2012,active,56,98362462.0,0.7272727272727273,0.8239127296222316,7,9,0.438,461,454,7,0.5,0.417,,,,,,,,
310,new-orleans-saints,2013,active,55,97150545.0,0.55,0.7847748189945007,11,5,0.688,414,304,110,0.833,0.75,,,,,,,,
311,new-orleans-saints,2014,active,54,101345281.0,0.3941605839416058,0.7690943526084562,7,9,0.438,401,424,-23,0.5,0.5,,,,,,,,
312,new-orleans-saints,2015,active,53,93560943.0,0.3231707317073171,0.6532945477470583,7,9,0.438,408,476,-68,0.5,0.417,,,,,,,,
313,new-orleans-saints,2016,active,53,86319212.0,0.3868613138686131,0.5900596705339762,7,9,0.438,469,454,15,0.333,0.5,,,,,,,,
314,new-orleans-saints,2017,active,51,97762121.0,0.3333333333333333,0.6045242177313446,11,5,0.688,448,326,122,0.667,0.667,,,,,,,,
315,new-orleans-saints,2018,active,51,138920060.0,0.3669064748201439,0.7892309719005944,13,3,0.813,504,353,151,0.667,0.75,,,,,,,,
316,new-orleans-saints,2019,active,52,153202407.0,0.40625,0.8153906364724878,13,3,0.813,458,341,117,0.833,0.75,,,,,,,,
317,new-orleans-saints,2020,active,53,161365733.0,0.3868613138686131,0.8314295513075929,12,4,0.75,482,337,145,1.0,0.833,,,,,,,,
318,new-orleans-saints,2021,active,54,107680541.0,0.3292682926829268,0.5810824622563528,9,8,0.529,364,335,29,0.667,0.583,,,,,,,,
319,new-orleans-saints,2022,active,54,131357406.0,0.3233532934131736,0.63510443441274,7,10,0.412,330,345,-15,0.333,0.417,,,,,,,,
320,new-orleans-saints,2023,active,54,138027290.0,0.3312883435582822,0.6259012528088284,9,8,0.529,402,327,75,0.667,0.5,,,,,,,,
321,new-orleans-saints,2024,active,52,140889092.0,0.325,0.5638308950074555,5,12,0.294,338,398,-60,0.333,0.333,,,,,,,,
322,new-york-giants,2011,active,66,121242887.0,0.8571428571428571,0.9638325135241584,9,7,0.563,394,400,-6,0.5,0.417,,,,,,,,
323,new-york-giants,2012,active,55,115366005.0,0.6547619047619048,0.919144078246066,9,7,0.563,429,344,85,0.5,0.667,,,,,,,,
324,new-york-giants,2013,active,55,94626902.0,0.4621848739495798,0.7320876038068719,7,9,0.438,294,383,-89,0.5,0.5,,,,,,,,
325,new-york-giants,2014,active,54,84943487.0,0.4251968503937008,0.6438273355984958,6,10,0.375,380,400,-20,0.333,0.333,,,,,,,,
326,new-york-giants,2015,active,53,78694040.0,0.3441558441558441,0.613257231516652,6,10,0.375,420,442,-22,0.333,0.333,,,,,,,,
327,new-york-giants,2016,active,53,127295586.0,0.4274193548387097,0.8217855133996387,11,5,0.688,310,284,26,0.667,0.667,,,,,,,,
328,new-york-giants,2017,active,54,104596283.0,0.3829787234042553,0.624716817330504,3,13,0.188,246,388,-142,0.167,0.083,,,,,,,,
329,new-york-giants,2018,active,53,117538663.0,0.424,0.6874378607064741,5,11,0.313,369,412,-43,0.167,0.333,,,,,,,,
330,new-york-giants,2019,active,53,125098384.0,0.3533333333333333,0.6428061478589161,4,12,0.25,341,451,-110,0.333,0.25,,,,,,,,
331,new-york-giants,2020,active,53,149574151.0,0.3117647058823529,0.7765277183888685,6,10,0.375,280,357,-77,0.667,0.417,,,,,,,,
332,new-york-giants,2021,active,49,121896505.0,0.2899408284023668,0.6678490197823812,4,13,0.235,258,416,-158,0.167,0.25,,,,,,,,
333,new-york-giants,2022,active,53,133245725.0,0.3028571428571429,0.6542329080735368,9,7,0.559,365,371,-6,0.25,0.375,,,,,,,,
334,new-york-giants,2023,active,53,129927472.0,0.3441558441558441,0.5814921990607768,6,11,0.353,266,407,-141,0.5,0.417,,,,,,,,
335,new-york-giants,2024,active,52,115949374.0,0.2826086956521739,0.4497213194391307,3,14,0.176,273,415,-142,0.0,0.083,,,,,,,,
336,new-york-jets,2011,active,70,113337718.0,0.8860759493670886,0.9217188221009528,8,8,0.5,377,363,14,0.5,0.5,,,,,,,,
337,new-york-jets,2012,active,65,103682583.0,0.5555555555555556,0.7738321316458073,6,10,0.375,281,375,-94,0.333,0.333,,,,,,,,
338,new-york-jets,2013,active,54,80633014.0,0.453781512605042,0.6557652780197712,8,8,0.5,290,387,-97,0.5,0.417,,,,,,,,
339,new-york-jets,2014,active,53,93006628.0,0.4453781512605042,0.7858933974905626,4,12,0.25,283,401,-118,0.167,0.333,,,,,,,,
340,new-york-jets,2015,active,53,135479685.0,0.3955223880597014,0.8854283447996179,10,6,0.625,387,314,73,0.5,0.583,,,,,,,,
341,new-york-jets,2016,active,54,97375558.0,0.3461538461538461,0.6159762518620009,5,11,0.313,275,409,-134,0.333,0.333,,,,,,,,
342,new-york-jets,2017,active,53,98416921.0,0.3840579710144927,0.6791949293841534,5,11,0.313,298,382,-84,0.333,0.417,,,,,,,,
343,new-york-jets,2018,active,52,109047126.0,0.4227642276422764,0.6167961775751695,4,12,0.25,333,441,-108,0.167,0.25,,,,,,,,
344,new-york-jets,2019,active,53,96678757.0,0.3840579710144927,0.5129801648002333,7,9,0.438,276,359,-83,0.333,0.333,,,,,,,,
345,new-york-jets,2020,active,53,86529089.0,0.3557046979865771,0.4741352446202247,2,14,0.125,243,457,-214,0.0,0.083,,,,,,,,
346,new-york-jets,2021,active,55,88174985.0,0.3525641025641026,0.428581826747049,4,13,0.235,310,504,-194,0.0,0.333,,,,,,,,
347,new-york-jets,2022,active,54,153295451.0,0.3673469387755102,0.7571247017683486,7,10,0.412,296,316,-20,0.333,0.417,,,,,,,,
348,new-york-jets,2023,active,54,143977333.0,0.3121387283236994,0.6469560211523399,7,10,0.412,268,355,-87,0.333,0.333,,,,,,,,
349,new-york-jets,2024,active,53,156802254.0,0.2804232804232804,0.606612256315357,5,12,0.294,338,404,-66,0.333,0.417,,,,,,,,
350,philadelphia-eagles,2011,active,63,119608063.0,0.7325581395348837,0.9429332684361476,8,8,0.5,396,328,68,0.833,0.5,,,,,,,,
351,philadelphia-eagles,2012,active,59,89390050.0,0.5728155339805825,0.7578943439747722,4,12,0.25,280,444,-164,0.167,0.167,,,,,,,,
352,philadelphia-eagles,2013,active,53,108049086.0,0.4774774774774775,0.8507950500931575,10,6,0.625,442,382,60,0.667,0.75,,,,,,,,
353,philadelphia-eagles,2014,active,53,116673474.0,0.4416666666666666,0.8656470849083914,10,6,0.625,474,400,74,0.667,0.5,,,,,,,,
354,philadelphia-eagles,2015,active,53,123889910.0,0.381294964028777,0.8241460067678874,7,9,0.438,377,430,-53,0.5,0.333,,,,,,,,
355,philadelphia-eagles,2016,active,52,119020957.0,0.3661971830985915,0.783249582282313,7,9,0.438,367,331,36,0.333,0.417,,,,,,,,
356,philadelphia-eagles,2017,active,53,130626348.0,0.3925925925925926,0.756960464315134,13,3,0.813,457,295,162,0.833,0.833,,,,,,,,
357,philadelphia-eagles,2018,active,53,136119127.0,0.3732394366197183,0.7934353343781892,9,7,0.563,367,348,19,0.667,0.5,,,,,,,,
358,philadelphia-eagles,2019,active,52,118556337.0,0.3768115942028985,0.6959067123726052,9,7,0.563,385,354,31,0.833,0.583,,,,,,,,
359,philadelphia-eagles,2020,active,52,140155537.0,0.3421052631578947,0.6987044228595709,4,11,0.281,334,418,-84,0.333,0.333,,,,,,,,
360,philadelphia-eagles,2021,active,62,101610988.0,0.4246575342465753,0.537108616758053,9,8,0.529,444,385,59,0.5,0.583,,,,,,,,
361,philadelphia-eagles,2022,active,53,145718346.0,0.363013698630137,0.6640295299452852,14,3,0.824,477,344,133,0.667,0.75,,,,,,,,
362,philadelphia-eagles,2023,active,53,160037713.0,0.3291925465838509,0.6892618269010555,11,6,0.647,433,428,5,0.667,0.583,,,,,,,,
363,philadelphia-eagles,2024,active,53,168537098.0,0.3173652694610778,0.6718146315837702,14,3,0.824,463,303,160,0.833,0.75,,,,,,,,
364,pittsburgh-steelers,2011,active,69,112245403.0,0.75,0.9028746962184844,12,4,0.75,325,227,98,0.667,0.75,,,,,,,,
365,pittsburgh-steelers,2012,active,56,93010135.0,0.4869565217391304,0.7437292722548867,8,8,0.5,336,314,22,0.5,0.417,,,,,,,,
366,pittsburgh-steelers,2013,active,54,96309954.0,0.453781512605042,0.7676586767423238,8,8,0.5,379,370,9,0.667,0.5,,,,,,,,
367,pittsburgh-steelers,2014,active,53,113996593.0,0.4568965517241379,0.8639532086540354,11,5,0.688,436,368,68,0.667,0.75,,,,,,,,
368,pittsburgh-steelers,2015,active,53,95331909.0,0.4045801526717557,0.6865303632443455,10,6,0.625,423,319,104,0.5,0.583,,,,,,,,
369,pittsburgh-steelers,2016,active,53,120047251.0,0.4173228346456692,0.7928098824849216,11,5,0.688,399,327,72,0.833,0.75,,,,,,,,
370,pittsburgh-steelers,2017,active,53,145814413.0,0.5247524752475248,0.8924853083314273,13,3,0.813,406,308,98,1.0,0.833,,,,,,,,
371,pittsburgh-steelers,2018,active,53,130326198.0,0.5578947368421052,0.8060494448975749,9,6,0.594,428,360,68,0.75,0.542,,,,,,,,
372,pittsburgh-steelers,2019,active,53,129754417.0,0.4015151515151515,0.6286401086865517,8,8,0.5,289,303,-14,0.5,0.5,,,,,,,,
373,pittsburgh-steelers,2020,active,54,146851577.0,0.4029850746268656,0.7543618043612513,12,4,0.75,416,312,104,0.667,0.75,,,,,,,,
374,pittsburgh-steelers,2021,active,53,124164123.0,0.363013698630137,0.7058504280070967,9,7,0.559,343,398,-55,0.667,0.583,,,,,,,,
375,pittsburgh-steelers,2022,active,53,158603136.0,0.3680555555555556,0.7528918450190724,9,8,0.529,308,346,-38,0.5,0.417,,,,,,,,
376,pittsburgh-steelers,2023,active,54,194442075.0,0.36,0.8592205524564811,10,7,0.588,304,324,-20,0.833,0.583,,,,,,,,
377,pittsburgh-steelers,2024,active,51,182613866.0,0.3445945945945945,0.7369033952368447,10,7,0.588,380,347,33,0.5,0.583,,,,,,,,
378,san-francisco-49ers,2011,active,65,108064664.0,0.7558139534883721,0.945360305213452,13,3,0.813,380,229,151,0.833,0.833,,,,,,,,
379,san-francisco-49ers,2012,active,57,130707457.0,0.57,0.942940663732622,11,4,0.719,397,273,124,0.583,0.625,,,,,,,,
380,san-francisco-49ers,2013,active,51,108616465.0,0.4434782608695652,0.8889605342121196,12,4,0.75,406,272,134,0.833,0.75,,,,,,,,
381,san-francisco-49ers,2014,active,54,98126936.0,0.4060150375939849,0.7461680511584471,8,8,0.5,306,340,-34,0.333,0.583,,,,,,,,
382,san-francisco-49ers,2015,active,52,74501722.0,0.40625,0.544840367985016,5,11,0.313,238,387,-149,0.167,0.333,,,,,,,,
383,san-francisco-49ers,2016,active,53,84921427.0,0.381294964028777,0.6337316683863277,2,14,0.125,309,480,-171,0.333,0.167,,,,,,,,
384,san-francisco-49ers,2017,active,53,78589073.0,0.3605442176870748,0.5406333696101067,6,10,0.375,331,383,-52,0.167,0.25,,,,,,,,
385,san-francisco-49ers,2018,active,54,99114405.0,0.391304347826087,0.4972803046802513,4,12,0.25,342,435,-93,0.167,0.167,,,,,,,,
386,san-francisco-49ers,2019,active,53,166552577.0,0.4173228346456692,0.7548258309739028,13,3,0.813,479,310,169,0.833,0.833,,,,,,,,
387,san-francisco-49ers,2020,active,55,101109577.0,0.3160919540229885,0.4989146328523865,6,10,0.375,376,390,-14,0.5,0.333,,,,,,,,
388,san-francisco-49ers,2021,active,55,138172427.0,0.3571428571428571,0.7082096815755146,10,7,0.588,427,365,62,0.333,0.583,,,,,,,,
389,san-francisco-49ers,2022,active,52,161396139.0,0.3741007194244604,0.7865789720275153,13,4,0.765,450,277,173,1.0,0.833,,,,,,,,
390,san-francisco-49ers,2023,active,52,153107685.0,0.3636363636363636,0.7744231337986693,12,5,0.706,491,298,193,0.833,0.833,,,,,,,,
391,san-francisco-49ers,2024,active,53,138201567.0,0.3081395348837209,0.5624712131046623,6,11,0.353,389,436,-47,0.167,0.333,,,,,,,,
392,seattle-seahawks,2011,active,64,86281574.0,0.7272727272727273,0.8090227191338897,7,9,0.438,321,315,6,0.5,0.5,,,,,,,,
393,seattle-seahawks,2012,active,56,92835125.0,0.7,0.7339553860717932,11,5,0.688,412,245,167,0.5,0.667,,,,,,,,
394,seattle-seahawks,2013,active,54,101503464.0,0.4864864864864865,0.7590431426370695,13,3,0.813,417,231,186,0.667,0.833,,,,,,,,
395,seattle-seahawks,2014,active,54,96775515.0,0.3884892086330935,0.7419495945703087,12,4,0.75,394,254,140,0.833,0.833,,,,,,,,
396,seattle-seahawks,2015,active,53,114840985.0,0.3375796178343949,0.7792983238803507,10,6,0.625,423,277,146,0.5,0.583,,,,,,,,
397,seattle-seahawks,2016,active,51,120240932.0,0.3566433566433566,0.7999990419247412,10,5,0.656,354,292,62,0.583,0.542,,,,,,,,
398,seattle-seahawks,2017,active,53,126625244.0,0.3984962406015037,0.7565696257033067,9,7,0.563,366,332,34,0.667,0.583,,,,,,,,
399,seattle-seahawks,2018,active,53,124852499.0,0.3840579710144927,0.7124947082562058,10,6,0.625,428,347,81,0.5,0.667,,,,,,,,
400,seattle-seahawks,2019,active,51,131014550.0,0.3722627737226277,0.7085913662571132,11,5,0.688,405,398,7,0.5,0.667,,,,,,,,
401,seattle-seahawks,2020,active,52,166465242.0,0.3170731707317073,0.8286230521487944,12,4,0.75,459,371,88,0.667,0.75,,,,,,,,
402,seattle-seahawks,2021,active,57,137955994.0,0.375,0.7988042717814168,7,10,0.412,395,366,29,0.5,0.333,,,,,,,,
403,seattle-seahawks,2022,active,53,120909675.0,0.3117647058823529,0.5602947129381104,9,8,0.529,407,401,6,0.667,0.5,,,,,,,,
404,seattle-seahawks,2023,active,54,165990770.0,0.3312883435582822,0.7721291805991403,9,8,0.529,364,402,-38,0.333,0.583,,,,,,,,
405,seattle-seahawks,2024,active,52,170968666.0,0.2857142857142857,0.6747971816457634,10,7,0.588,375,368,7,0.667,0.5,,,,,,,,
406,tampa-bay-buccaneers,2011,active,54,81935451.0,0.8059701492537313,0.9341173780571398,4,12,0.25,287,494,-207,0.333,0.25,,,,,,,,
407,tampa-bay-buccaneers,2012,active,58,95377285.0,0.651685393258427,0.6908383706406572,7,9,0.438,389,394,-5,0.5,0.333,,,,,,,,
408,tampa-bay-buccaneers,2013,active,51,91995376.0,0.4722222222222222,0.7203214693216932,4,12,0.25,288,389,-101,0.167,0.167,,,,,,,,
409,tampa-bay-buccaneers,2014,active,53,94061905.0,0.3605442176870748,0.6859979367093589,2,14,0.125,277,410,-133,0.0,0.083,,,,,,,,
410,tampa-bay-buccaneers,2015,active,53,86632966.0,0.3192771084337349,0.6486091855938193,6,10,0.375,342,417,-75,0.5,0.417,,,,,,,,
411,tampa-bay-buccaneers,2016,active,54,120636046.0,0.3829787234042553,0.774673110175214,9,7,0.563,354,369,-15,0.667,0.583,,,,,,,,
412,tampa-bay-buccaneers,2017,active,53,125106587.0,0.424,0.8136689485312741,5,11,0.313,335,382,-47,0.167,0.25,,,,,,,,
413,tampa-bay-buccaneers,2018,active,53,157768609.0,0.4274193548387097,0.830794486129991,5,11,0.313,396,464,-68,0.333,0.333,,,,,,,,
414,tampa-bay-buccaneers,2019,active,53,150155466.0,0.4491525423728814,0.8119145877696601,7,9,0.438,458,449,9,0.333,0.417,,,,,,,,
415,tampa-bay-buccaneers,2020,active,54,185308315.0,0.4,0.9272758708529903,11,5,0.688,492,355,137,0.667,0.667,,,,,,,,
416,tampa-bay-buccaneers,2021,active,57,149094323.0,0.4042553191489361,0.8231834273957892,13,4,0.765,511,353,158,0.667,0.667,,,,,,,,
417,tampa-bay-buccaneers,2022,active,53,158812989.0,0.3732394366197183,0.782481198965477,8,9,0.471,313,358,-45,0.667,0.667,,,,,,,,
418,tampa-bay-buccaneers,2023,active,53,128436935.0,0.375886524822695,0.5741975106584827,9,8,0.529,348,325,23,0.667,0.583,,,,,,,,
419,tampa-bay-buccaneers,2024,active,53,139250589.0,0.3271604938271605,0.5695787807871112,10,7,0.588,502,385,117,0.667,0.667,,,,,,,,
420,tennessee-titans,2011,active,59,110414324.0,0.8676470588235294,0.9690521984832212,9,7,0.563,325,317,8,0.5,0.583,,,,,,,,
421,tennessee-titans,2012,active,55,91480384.0,0.6790123456790124,0.7630050083795498,6,10,0.375,330,471,-141,0.167,0.417,,,,,,,,
422,tennessee-titans,2013,active,54,110121914.0,0.4954128440366973,0.8639820092760649,7,9,0.438,362,381,-19,0.333,0.5,,,,,,,,
423,tennessee-titans,2014,active,54,90812712.0,0.4122137404580153,0.7116897247721521,2,14,0.125,254,438,-184,0.167,0.167,,,,,,,,
424,tennessee-titans,2015,active,54,90472606.0,0.4153846153846154,0.7031768056486252,3,13,0.188,299,423,-124,0.167,0.083,,,,,,,,
425,tennessee-titans,2016,active,53,116118046.0,0.424,0.7717396288248751,9,7,0.563,381,378,3,0.333,0.5,,,,,,,,
426,tennessee-titans,2017,active,53,149109415.0,0.4491525423728814,0.9246975536912724,9,7,0.563,334,356,-22,0.833,0.667,,,,,,,,
427,tennessee-titans,2018,active,53,117854426.0,0.3680555555555556,0.6461362876626908,9,7,0.563,310,303,7,0.5,0.417,,,,,,,,
428,tennessee-titans,2019,active,52,152774763.0,0.3687943262411347,0.7751672853173347,9,7,0.563,402,331,71,0.5,0.583,,,,,,,,
429,tennessee-titans,2020,active,51,135619326.0,0.3248407643312102,0.6260875150788956,11,5,0.688,491,439,52,0.833,0.667,,,,,,,,
430,tennessee-titans,2021,active,56,141092116.0,0.3294117647058823,0.7650721978407882,12,5,0.706,419,354,65,0.833,0.667,,,,,,,,
431,tennessee-titans,2022,active,51,78943246.0,0.281767955801105,0.376289566968004,7,10,0.412,298,359,-61,0.5,0.417,,,,,,,,
432,tennessee-titans,2023,active,53,128983277.0,0.2912087912087912,0.5823427535046567,6,11,0.353,305,367,-62,0.167,0.333,,,,,,,,
433,tennessee-titans,2024,active,53,142042127.0,0.3099415204678362,0.5793506711744727,3,14,0.176,311,460,-149,0.167,0.25,,,,,,,,
434,washington-commanders,2011,active,66,101721110.0,0.7096774193548387,0.8074815316414361,5,11,0.313,288,367,-79,0.333,0.417,,,,,,,,
435,washington-commanders,2012,active,60,89330238.0,0.625,0.7742534149377328,10,6,0.625,436,388,48,0.833,0.667,,,,,,,,
436,washington-commanders,2013,active,53,88700032.0,0.5408163265306123,0.8259985126444775,3,13,0.188,334,478,-144,0.0,0.083,,,,,,,,
437,washington-commanders,2014,active,53,89595971.0,0.3680555555555556,0.6766468739562856,4,12,0.25,301,438,-137,0.333,0.167,,,,,,,,
438,washington-commanders,2015,active,52,97790178.0,0.3537414965986394,0.6995529393431262,9,7,0.563,388,379,9,0.667,0.667,,,,,,,,
439,washington-commanders,2016,active,53,117003811.0,0.381294964028777,0.8007590551641097,8,7,0.531,396,383,13,0.5,0.5,,,,,,,,
440,washington-commanders,2017,active,54,114359646.0,0.3970588235294117,0.6542015561418624,7,9,0.438,342,388,-46,0.167,0.417,,,,,,,,
441,washington-commanders,2018,active,53,102905158.0,0.3984962406015037,0.5955320344988941,7,9,0.438,281,359,-78,0.333,0.5,,,,,,,,
442,washington-commanders,2019,active,53,78588363.0,0.3840579710144927,0.4350841868068411,3,13,0.188,266,435,-169,0.0,0.167,,,,,,,,
443,washington-commanders,2020,active,53,131896856.0,0.3605442176870748,0.6829242727401534,7,9,0.438,335,329,6,0.667,0.417,,,,,,,,
444,washington-commanders,2021,active,56,108019140.0,0.3660130718954248,0.5580460376457899,7,10,0.412,335,434,-99,0.333,0.5,,,,,,,,
445,washington-commanders,2022,active,53,160094196.0,0.381294964028777,0.7694311761082891,8,8,0.5,321,343,-22,0.417,0.458,,,,,,,,
446,washington-commanders,2023,active,53,133719895.0,0.3397435897435897,0.6101522246125599,4,13,0.235,329,518,-189,0.0,0.167,,,,,,,,
447,washington-commanders,2024,active,53,186228005.0,0.3419354838709677,0.7739105858604544,12,5,0.706,485,391,94,0.667,0.75,,,,,,,,
