,team,season,roster_status,player_count,cap_hit_sum,player_count_prop,cap_hit_prop,w,l,pct,pf,pa,net_pts,div_win_pct,conf_win_pct,pc_1,pc_2,pc_3,label
0,kansas-city-chiefs,2024,active,53,220922465.0,0.3732394366197183,0.883776876671277,15,2,0.882,385,326,59,0.833,0.833,-0.5692511416376008,1.9914438347720123,,0
1,indianapolis-colts,2022,active,53,147156772.0,0.3557046979865771,0.7150085119024392,4,12,0.265,289,427,-138,0.25,0.375,-1.0935089287545579,0.6149587293212923,,0
2,indianapolis-colts,2024,active,53,199356329.0,0.3397435897435897,0.7964183533051417,8,9,0.471,377,427,-50,0.5,0.583,-1.1139412278424814,1.4548632311591492,,0
3,jacksonville-jaguars,2017,active,53,151852626.0,0.4416666666666666,0.886508292845387,10,6,0.625,417,268,149,0.667,0.75,0.7944619878244862,0.9246492844520018,,0
4,jacksonville-jaguars,2021,active,58,126905443.0,0.3741935483870968,0.7031813836097799,3,14,0.176,253,457,-204,0.167,0.25,-0.9061316641460644,0.3729937056377945,,0
5,jacksonville-jaguars,2023,active,53,194030338.0,0.4173228346456692,0.8909487801863475,9,8,0.529,377,371,6,0.667,0.5,-0.16947599562570745,1.8463283309508665,,0
6,kansas-city-chiefs,2017,active,51,135438141.0,0.408,0.8072420006577944,10,6,0.625,415,339,76,0.833,0.667,0.2834327969652572,0.44132206191802503,,0
7,kansas-city-chiefs,2018,active,52,143955068.0,0.4727272727272727,0.8138027391822388,12,4,0.75,565,421,144,0.833,0.833,0.5005128147524102,0.5585437948352515,,0
8,kansas-city-chiefs,2019,active,53,135179512.0,0.4568965517241379,0.8118548191745113,12,4,0.75,451,308,143,1.0,0.75,0.26798160356823497,0.7072917156441622,,0
9,kansas-city-chiefs,2020,active,51,182730257.0,0.375,0.8430486304488262,14,2,0.875,473,362,111,0.667,0.833,-0.16204793340618204,1.1449962014314838,,0
10,indianapolis-colts,2021,active,57,170696313.0,0.4285714285714285,0.9112661060954684,9,8,0.529,451,365,86,0.5,0.583,0.2609460136948879,1.6786509306839328,,0
11,kansas-city-chiefs,2021,active,54,160366274.0,0.3941605839416058,0.8663195660861713,12,5,0.706,480,364,116,0.833,0.583,-0.10742598988054262,1.4211966191798613,,0
12,kansas-city-chiefs,2023,active,53,194829168.0,0.4308943089430894,0.8952663729125381,11,6,0.647,371,294,77,0.667,0.75,-0.08142128978291029,1.8599312113941187,,0
13,las-vegas-raiders,2017,active,53,144377592.0,0.5247524752475248,0.8779824009816151,6,10,0.375,301,373,-72,0.333,0.417,1.1843392951818725,0.7786716986236314,,0
14,las-vegas-raiders,2020,active,53,165917480.0,0.3785714285714285,0.7747879825065794,8,8,0.5,434,478,-44,0.667,0.5,-0.43505832024187574,0.6934768278343878,,0
15,los-angeles-chargers,2018,active,53,144473149.0,0.4608695652173913,0.8149124601612834,12,4,0.75,428,329,99,0.667,0.75,0.44441398629176315,0.5786750756757142,,0
16,los-angeles-chargers,2019,active,53,155395193.0,0.4308943089430894,0.8440917146076523,5,11,0.313,337,345,-8,0.0,0.25,0.272164671930772,0.9468852946674993,,0
17,los-angeles-chargers,2020,active,55,134191298.0,0.4198473282442748,0.6852399886481767,7,9,0.438,384,426,-42,0.5,0.5,-0.6054822051173796,0.061484875982874325,,0
18,los-angeles-chargers,2021,active,53,159785508.0,0.4308943089430894,0.8729191861542198,9,8,0.529,474,459,15,0.5,0.5,0.10920047091375197,1.4246568503707848,,0
19,los-angeles-chargers,2022,active,53,175316296.0,0.375886524822695,0.8264581525702739,10,7,0.588,391,384,7,0.333,0.583,-0.5143056212308501,1.3239594423039602,,0
20,los-angeles-rams,2017,active,53,137063130.0,0.4568965517241379,0.8736447947193234,11,5,0.688,478,329,149,0.667,0.583,0.8176969324818653,0.8237822049401353,,0
21,kansas-city-chiefs,2022,active,53,181434543.0,0.3925925925925926,0.8839722403515443,14,3,0.824,496,369,127,1.0,0.75,-0.18312890916409305,1.6830228103045621,,0
22,los-angeles-rams,2018,active,53,158606483.0,0.4568965517241379,0.8817511665157818,13,3,0.813,527,384,143,1.0,0.75,0.7092952904237927,1.0213047891052116,,0
23,indianapolis-colts,2020,active,53,187851538.0,0.3925925925925926,0.8118552086738635,11,5,0.688,451,362,89,0.667,0.583,-0.20492257480792778,0.9213617459430594,,0
24,indianapolis-colts,2018,active,52,116290378.0,0.311377245508982,0.8061845139259066,10,6,0.625,433,344,89,0.667,0.583,-0.35979547156481434,0.6834883710411386,,0
25,cleveland-browns,2019,active,53,156151812.0,0.3868613138686131,0.7339552510772555,6,10,0.375,335,393,-58,0.5,0.5,-0.4238006609696682,0.2723510876259808,,0
26,cleveland-browns,2020,active,52,143629461.0,0.3170731707317073,0.7213871557104976,11,5,0.688,408,419,-11,0.5,0.583,-0.9784827481847744,0.4099428739183895,,0
27,cleveland-browns,2022,active,53,132199512.0,0.3464052287581699,0.708791426109859,7,10,0.412,361,381,-20,0.5,0.333,-1.1677533870564643,0.5842682473129575,,0
28,dallas-cowboys,2016,active,51,139363235.0,0.4047619047619047,0.9124397183253457,13,3,0.813,421,306,115,0.5,0.75,0.8587983195645212,0.9903488402156303,,0
29,dallas-cowboys,2019,active,52,148849800.0,0.4444444444444444,0.8162078959811196,8,8,0.5,434,321,113,0.833,0.583,0.2226757469024598,0.7493369998034026,,0
30,dallas-cowboys,2021,active,58,167631750.0,0.4113475177304964,0.8164134511836388,12,5,0.706,530,358,172,1.0,0.833,-0.23224675305213657,1.07528553972346,,0
31,dallas-cowboys,2022,active,53,161682742.0,0.3291925465838509,0.7508296973260291,12,5,0.706,467,342,125,0.667,0.667,-1.0766443217396995,0.8786105420587235,,0
32,dallas-cowboys,2023,active,53,185500694.0,0.3655172413793103,0.835205408861842,12,5,0.706,509,315,194,0.833,0.75,-0.6731708179409159,1.536925255093076,,0
33,denver-broncos,2015,active,53,134668943.0,0.4491525423728814,0.9281182967487576,12,4,0.75,355,296,59,0.667,0.667,1.2964558351271112,0.9006863877214903,,0
34,indianapolis-colts,2019,active,53,142403804.0,0.4015151515151515,0.7261774024810086,7,9,0.438,361,373,-12,0.5,0.417,-0.381815763706771,0.20545973364600228,,0
35,denver-broncos,2023,active,53,173358141.0,0.3605442176870748,0.747961619855277,8,9,0.471,357,413,-56,0.5,0.417,-1.0710370471232973,0.9701781771042006,,0
36,detroit-lions,2022,active,53,157043784.0,0.33125,0.7323987778879567,9,8,0.529,453,427,26,0.833,0.583,-1.1447510362686806,0.7555117407925526,,0
37,detroit-lions,2023,active,52,173331167.0,0.3291139240506329,0.7758477026898212,12,5,0.706,461,395,66,0.667,0.667,-1.1132712506040776,1.1871235077277773,,0
38,green-bay-packers,2016,active,51,134428984.0,0.408,0.8717435797753053,10,6,0.625,432,388,44,0.833,0.667,0.7017218592893397,0.7199566724025623,,0
39,green-bay-packers,2019,active,53,163872581.0,0.4774774774774775,0.8545864057026419,13,3,0.813,376,313,63,1.0,0.833,0.5559469393566817,0.9652122437438139,,0
40,green-bay-packers,2020,active,52,165749106.0,0.3421052631578947,0.8292563726569661,13,3,0.813,509,369,140,0.833,0.833,-0.38967660678512855,1.0902057376539394,,0
41,green-bay-packers,2021,active,58,162492766.0,0.4,0.8961764322901945,13,4,0.765,450,371,79,0.667,0.75,0.04996043241277206,1.6106656260503625,,0
42,green-bay-packers,2022,active,53,162533410.0,0.375886524822695,0.7672183506848981,8,9,0.471,370,371,-1,0.5,0.5,-0.767138391640251,0.9354695107982283,,0
43,houston-texans,2018,active,53,140536221.0,0.3785714285714285,0.816649789229364,11,5,0.688,402,316,86,0.667,0.75,0.029604493772927804,0.6792799634541269,,0
44,houston-texans,2019,active,53,145821737.0,0.363013698630137,0.7360772906475644,10,6,0.625,378,385,-7,0.667,0.667,-0.5370922700081388,0.3121181979036729,,0
45,detroit-lions,2017,active,52,130190524.0,0.3513513513513513,0.8082300745812888,9,7,0.563,410,376,34,0.833,0.667,-0.0029817340385691433,0.5092092112875523,,0
46,los-angeles-rams,2019,active,53,162333485.0,0.5196078431372549,0.8969822552118604,9,7,0.563,394,364,30,0.5,0.583,0.9530371281045161,1.1975713266780572,,0
47,los-angeles-rams,2020,active,53,153700759.0,0.4108527131782946,0.7817479061402801,10,6,0.625,372,296,76,0.5,0.75,-0.23973700724151273,0.7041263705426879,,0
48,los-angeles-rams,2024,active,53,209446790.0,0.363013698630137,0.8226347736979731,10,7,0.588,367,386,-19,0.667,0.5,-0.8826652176438452,1.6015635181069023,,0
49,pittsburgh-steelers,2024,active,51,182613866.0,0.3445945945945945,0.7369033952368447,10,7,0.588,380,347,33,0.5,0.583,-1.3430606406708117,1.0593103319247859,,0
50,san-francisco-49ers,2019,active,53,166552577.0,0.4173228346456692,0.7548258309739028,13,3,0.813,479,310,169,0.833,0.833,-0.1784454619882275,0.3761982467237902,,0
51,san-francisco-49ers,2021,active,55,138172427.0,0.3571428571428571,0.7082096815755146,10,7,0.588,427,365,62,0.333,0.583,-0.9721483931669788,0.4244519263775961,,0
52,san-francisco-49ers,2022,active,52,161396139.0,0.3741007194244604,0.7865789720275153,13,4,0.765,450,277,173,1.0,0.833,-0.6936700823145199,1.0643707556542261,,0
53,san-francisco-49ers,2023,active,52,153107685.0,0.3636363636363636,0.7744231337986693,12,5,0.706,491,298,193,0.833,0.833,-0.9422364937400958,1.1403587881407962,,0
54,seattle-seahawks,2016,active,51,120240932.0,0.3566433566433566,0.7999990419247412,10,5,0.656,354,292,62,0.583,0.542,0.1320380920062514,0.30513254896621694,,0
55,seattle-seahawks,2019,active,51,131014550.0,0.3722627737226277,0.7085913662571132,11,5,0.688,405,398,7,0.5,0.667,-0.6069492640559832,0.1218416344820461,,0
56,seattle-seahawks,2020,active,52,166465242.0,0.3170731707317073,0.8286230521487944,12,4,0.75,459,371,88,0.667,0.75,-0.520804837034917,1.1131873942643304,,0
57,seattle-seahawks,2021,active,57,137955994.0,0.375,0.7988042717814168,7,10,0.412,395,366,29,0.5,0.333,-0.4938801035025833,0.9992068391532741,,0
58,pittsburgh-steelers,2023,active,54,194442075.0,0.36,0.8592205524564811,10,7,0.588,304,324,-20,0.833,0.583,-0.5989810687357184,1.7003953850440867,,0
59,seattle-seahawks,2023,active,54,165990770.0,0.3312883435582822,0.7721291805991403,9,8,0.529,364,402,-38,0.333,0.583,-1.1179860391702958,1.160380651803027,,0
60,tampa-bay-buccaneers,2018,active,53,157768609.0,0.4274193548387097,0.830794486129991,5,11,0.313,396,464,-68,0.333,0.333,0.3405839867501095,0.7190883521570868,,0
61,tampa-bay-buccaneers,2019,active,53,150155466.0,0.4491525423728814,0.8119145877696601,7,9,0.438,458,449,9,0.333,0.417,0.22850664193444745,0.7160782210074932,,0
62,tampa-bay-buccaneers,2020,active,54,185308315.0,0.4,0.9272758708529903,11,5,0.688,492,355,137,0.667,0.667,0.325690683510688,1.6702516427979672,,0
63,tampa-bay-buccaneers,2021,active,57,149094323.0,0.4042553191489361,0.8231834273957892,13,4,0.765,511,353,158,0.667,0.667,-0.23973878926548128,1.127370489109354,,0
64,tampa-bay-buccaneers,2022,active,53,158812989.0,0.3732394366197183,0.782481198965477,8,9,0.471,313,358,-45,0.667,0.667,-0.7155779366521102,1.0384315194588682,,0
65,tennessee-titans,2017,active,53,149109415.0,0.4491525423728814,0.9246975536912724,9,7,0.563,334,356,-22,0.833,0.667,0.9958577261696877,1.166976704730706,,0
66,tennessee-titans,2019,active,52,152774763.0,0.3687943262411347,0.7751672853173347,9,7,0.563,402,331,71,0.5,0.583,-0.3406008865350876,0.5622010573757846,,0
67,tennessee-titans,2021,active,56,141092116.0,0.3294117647058823,0.7650721978407882,12,5,0.706,419,354,65,0.833,0.667,-0.871734030875532,0.8274124598164372,,0
68,washington-commanders,2022,active,53,160094196.0,0.381294964028777,0.7694311761082891,8,8,0.5,321,343,-22,0.417,0.458,-0.7299465675468615,0.9441182676731089,,0
69,tampa-bay-buccaneers,2017,active,53,125106587.0,0.424,0.8136689485312741,5,11,0.313,335,382,-47,0.167,0.25,0.39294950079213015,0.46612539156711574,,0
70,pittsburgh-steelers,2022,active,53,158603136.0,0.3680555555555556,0.7528918450190724,9,8,0.529,308,346,-38,0.5,0.417,-0.8684594563871567,0.8500062333506482,,0
71,pittsburgh-steelers,2021,active,53,124164123.0,0.363013698630137,0.7058504280070967,9,7,0.559,343,398,-55,0.667,0.583,-0.9520976737638298,0.4026161045858352,,0
72,pittsburgh-steelers,2020,active,54,146851577.0,0.4029850746268656,0.7543618043612513,12,4,0.75,416,312,104,0.667,0.75,-0.3969839610616441,0.5330590452468926,,0
73,miami-dolphins,2020,active,53,156504710.0,0.4076923076923077,0.7718901723794906,10,6,0.625,404,338,66,0.5,0.583,-0.29802358505905224,0.6429060293380489,,0
74,miami-dolphins,2021,active,55,149454584.0,0.3873239436619718,0.7657899428983659,9,8,0.529,341,373,-32,0.667,0.5,-0.5715566961360953,0.7693422626706307,,0
75,miami-dolphins,2022,active,53,149787507.0,0.3732394366197183,0.7182005550245,9,8,0.529,397,399,-2,0.5,0.583,-0.9899247908624648,0.6168841447715926,,0
76,miami-dolphins,2023,active,53,172821528.0,0.363013698630137,0.7716087115826744,11,6,0.647,496,391,105,0.667,0.583,-0.957442854770783,1.1225770022346253,,0
77,minnesota-vikings,2018,active,53,179040838.0,0.452991452991453,0.9106468389233092,8,7,0.531,360,341,19,0.583,0.542,0.8125858891195459,1.2150334694113958,,0
78,minnesota-vikings,2019,active,51,177166406.0,0.4112903225806452,0.9274904732933262,10,6,0.625,407,303,104,0.333,0.583,0.5275300054943861,1.5150585788148798,,0
79,minnesota-vikings,2022,active,54,162760165.0,0.3941605839416058,0.7795386998688,13,4,0.765,424,427,-3,0.667,0.667,-0.6208020325949956,0.9964562074610692,,0
80,new-england-patriots,2017,active,52,129468455.0,0.3909774436090225,0.7908236811877379,13,3,0.813,458,296,162,0.833,0.833,0.12602722739832253,0.3521045648369664,,0
81,new-england-patriots,2018,active,52,155807993.0,0.3969465648854962,0.8861151766083964,11,5,0.688,436,325,111,0.833,0.667,0.42035183628016937,1.1149097289363998,,0
82,new-england-patriots,2019,active,53,156633955.0,0.381294964028777,0.8032982316648577,12,4,0.75,420,225,195,0.833,0.667,-0.15640571971910397,0.7331308183853209,,0
83,new-england-patriots,2021,active,59,147576468.0,0.3959731543624161,0.7357737632282094,10,7,0.588,462,303,159,0.5,0.667,-0.6552902628837907,0.5631227416291629,,0
84,new-england-patriots,2022,active,53,161125235.0,0.3785714285714285,0.7746235930969089,8,9,0.471,364,347,17,0.5,0.5,-0.7217584604687018,0.9811220543020404,,0
85,new-orleans-saints,2018,active,51,138920060.0,0.3669064748201439,0.7892309719005944,13,3,0.813,504,353,151,0.667,0.75,-0.14726392547754316,0.5121144022044344,,0
86,new-orleans-saints,2019,active,52,153202407.0,0.40625,0.8153906364724878,13,3,0.813,458,341,117,0.833,0.75,0.0232340269794953,0.7853804591516501,,0
87,new-orleans-saints,2020,active,53,161365733.0,0.3868613138686131,0.8314295513075929,12,4,0.75,482,337,145,1.0,0.833,-0.15078406372629136,1.0559414723428617,,0
88,new-york-giants,2020,active,53,149574151.0,0.3117647058823529,0.7765277183888685,6,10,0.375,280,357,-77,0.667,0.417,-0.770380018953658,0.7773047235409974,,0
89,new-york-jets,2015,active,53,135479685.0,0.3955223880597014,0.8854283447996179,10,6,0.625,387,314,73,0.5,0.583,0.8391116391287065,0.6788644368099055,,0
90,new-york-jets,2022,active,54,153295451.0,0.3673469387755102,0.7571247017683486,7,10,0.412,296,316,-20,0.333,0.417,-0.8540293215129142,0.8785331172392028,,0
91,philadelphia-eagles,2018,active,53,136119127.0,0.3732394366197183,0.7934353343781892,9,7,0.563,367,348,19,0.667,0.5,-0.09682911925892095,0.5328213139891063,,0
92,philadelphia-eagles,2019,active,52,118556337.0,0.3768115942028985,0.6959067123726052,9,7,0.563,385,354,31,0.833,0.583,-0.6377494101677993,0.03372573260555294,,0
93,pittsburgh-steelers,2017,active,53,145814413.0,0.5247524752475248,0.8924853083314273,13,3,0.813,406,308,98,1.0,0.833,1.2462370417566984,0.8737806170137417,,0
94,cleveland-browns,2018,active,53,142452164.0,0.4015151515151515,0.7829271857890251,7,8,0.469,359,392,-33,0.583,0.458,0.0033889879379020342,0.4332586808225516,,0
95,cincinnati-bengals,2024,active,52,185741962.0,0.3611111111111111,0.716260427689569,9,8,0.529,472,434,38,0.5,0.5,-1.3464271515147828,0.906031392351436,,0
96,washington-commanders,2024,active,53,186228005.0,0.3419354838709677,0.7739105858604544,12,5,0.706,485,391,94,0.667,0.75,-1.1987580057247973,1.3048830489259657,,0
97,cincinnati-bengals,2022,active,54,175096752.0,0.432,0.8330004536440017,12,4,0.75,418,322,96,0.5,0.727,-0.19849746027783718,1.3060360269942588,,0
98,chicago-bears,2023,active,52,171087200.0,0.3636363636363636,0.7519918374079572,7,10,0.412,360,379,-19,0.333,0.5,-1.037972242845263,0.9932561220097704,,0
99,chicago-bears,2020,active,53,163818846.0,0.3533333333333333,0.8002360512700615,8,8,0.5,372,370,2,0.333,0.5,-0.4559292533473496,0.8877214789101391,,0
100,chicago-bears,2019,active,53,140944391.0,0.4206349206349206,0.7707692658860911,8,8,0.5,280,298,-18,0.667,0.583,-0.09340720415100635,0.47716371187346196,,0
101,chicago-bears,2018,active,53,151948529.0,0.5463917525773195,0.846690154452267,12,4,0.75,421,283,138,0.833,0.833,1.0188048157857383,0.6943641698736469,,0
102,atlanta-falcons,2017,active,53,147393869.0,0.5096153846153846,0.8862396296706297,10,6,0.625,353,315,38,0.667,0.75,1.1419210775680266,0.8492306381323851,,0
103,atlanta-falcons,2018,active,53,141338061.0,0.4818181818181818,0.813902105110029,7,9,0.438,414,423,-9,0.667,0.583,0.5475771219880036,0.5493408345390521,,0
104,atlanta-falcons,2019,active,52,132338075.0,0.3687943262411347,0.7182647922595655,7,9,0.438,381,399,-18,0.667,0.5,-0.5834581295561699,0.1890390121466069,,0
105,atlanta-falcons,2020,active,54,166160239.0,0.3941605839416058,0.833568684711677,4,12,0.25,396,414,-18,0.167,0.167,-0.1042059897876511,1.0620572919931126,,0
106,atlanta-falcons,2021,active,55,141096481.0,0.3741496598639456,0.7606287869079055,7,10,0.412,313,459,-146,0.333,0.333,-0.6611739358234858,0.7497768044839992,,0
107,atlanta-falcons,2023,active,54,163895473.0,0.3529411764705882,0.7361475593069925,7,10,0.412,321,373,-52,0.5,0.333,-1.1604657432540793,0.9009442406305779,,0
108,chicago-bears,2024,active,53,204948258.0,0.3785714285714285,0.8046041367195755,5,12,0.294,310,370,-60,0.167,0.25,-0.8798014024976187,1.4664553654063939,,0
109,atlanta-falcons,2024,active,53,219836480.0,0.3605442176870748,0.8684608917214311,8,9,0.471,389,423,-34,0.667,0.583,-0.6997509219273204,1.9047645032158158,,0
110,baltimore-ravens,2018,active,53,150160923.0,0.4608695652173913,0.8805458729269169,10,6,0.625,389,287,102,0.5,0.667,0.7245343960977824,1.0090938012336557,,0
111,baltimore-ravens,2019,active,53,139521776.0,0.4108527131782946,0.7342149002712629,14,2,0.875,531,282,249,0.833,0.833,-0.29960643975203305,0.2480470410328717,,0
112,buffalo-bills,2023,active,53,182016009.0,0.375886524822695,0.7960900031979009,11,6,0.647,451,311,140,0.667,0.583,-0.7869147634441884,1.2691691621803227,,0
113,buffalo-bills,2022,active,53,163264230.0,0.3581081081081081,0.7898934479440999,13,3,0.813,455,286,169,0.667,0.818,-0.7615729269789496,1.1034429027435837,,0
114,buffalo-bills,2021,active,55,165564312.0,0.3571428571428571,0.8744402475116931,11,6,0.647,483,289,194,0.833,0.583,-0.26268392544832553,1.514578819436084,,0
115,buffalo-bills,2020,active,52,200165512.0,0.3636363636363636,0.917228199147817,13,3,0.813,501,375,126,1.0,0.833,0.0962468073395797,1.6437781838417558,,0
116,baltimore-ravens,2022,active,53,160177579.0,0.33125,0.7828145849876393,10,7,0.588,350,315,35,0.5,0.5,-0.9295786728279205,1.0861346129766845,,0
117,baltimore-ravens,2023,active,53,175622212.0,0.3441558441558441,0.7890928238653818,13,4,0.765,483,280,203,0.5,0.667,-0.9795702504097334,1.2576784419258162,,0
118,baltimore-ravens,2024,active,54,219432580.0,0.3506493506493506,0.8712149909629828,12,5,0.706,518,361,157,0.667,0.667,-0.7387614151968358,1.9335517569440175,,0
119,buffalo-bills,2019,active,53,152820449.0,0.4568965517241379,0.8742339198823887,10,6,0.625,314,259,55,0.5,0.583,0.5342127580568373,1.116368920329664,,0
120,carolina-panthers,2017,active,51,144363005.0,0.4214876033057851,0.8228235665374972,11,5,0.688,363,327,36,0.5,0.583,0.4191313323295943,0.5288841032816198,,0
121,arizona-cardinals,2021,active,56,153976241.0,0.3566878980891719,0.8056200196073173,11,6,0.647,449,366,83,0.667,0.583,-0.5587396496408639,1.0637543905106663,,0
122,cincinnati-bengals,2023,active,53,170878346.0,0.4344262295081967,0.7916825731711755,9,8,0.529,366,384,-18,0.167,0.333,-0.5053919689731221,1.176808231271866,,0
123,cincinnati-bengals,2021,active,61,154339838.0,0.4265734265734265,0.8068513345371152,10,7,0.588,460,376,84,0.667,0.667,-0.19494206260010774,0.9960729688640833,,0
124,cincinnati-bengals,2019,active,52,132358691.0,0.40625,0.7156266446741402,2,14,0.125,279,420,-141,0.167,0.167,-0.40255413622676595,0.13113609797922926,,0
125,new-orleans-saints,2021,active,54,107680541.0,0.3292682926829268,0.5810824622563528,9,8,0.529,364,335,29,0.667,0.583,-1.6577298963315608,-0.379022137586714,,1
126,washington-commanders,2023,active,53,133719895.0,0.3397435897435897,0.6101522246125599,4,13,0.235,329,518,-189,0.0,0.167,-1.7659172960048102,0.08898306390196731,,1
127,new-orleans-saints,2022,active,54,131357406.0,0.3233532934131736,0.63510443441274,7,10,0.412,330,345,-15,0.333,0.417,-1.600512305989055,0.12602321010203854,,1
128,new-orleans-saints,2023,active,54,138027290.0,0.3312883435582822,0.6259012528088284,9,8,0.529,402,327,75,0.667,0.5,-1.7420801603151754,0.20142947635172515,,1
129,new-orleans-saints,2024,active,52,140889092.0,0.325,0.5638308950074555,5,12,0.294,338,398,-60,0.333,0.333,-2.1822547496165243,-0.05444477906534063,,1
130,cleveland-browns,2021,active,56,126473899.0,0.3544303797468354,0.6241196536148454,8,9,0.471,349,371,-22,0.5,0.417,-1.3449569532369912,-0.12406348061772332,,1
131,new-york-giants,2019,active,53,125098384.0,0.3533333333333333,0.6428061478589161,4,12,0.25,341,451,-110,0.333,0.25,-0.984833628255839,-0.2890530055470706,,1
132,new-york-giants,2021,active,49,121896505.0,0.2899408284023668,0.6678490197823812,4,13,0.235,258,416,-158,0.167,0.25,-1.489180755104026,0.23261726055832188,,1
133,new-york-giants,2022,active,53,133245725.0,0.3028571428571429,0.6542329080735368,9,7,0.559,365,371,-6,0.25,0.375,-1.62402679582675,0.273684163282115,,1
134,new-york-giants,2023,active,53,129927472.0,0.3441558441558441,0.5814921990607768,6,11,0.353,266,407,-141,0.5,0.417,-1.8656002410169163,-0.10375002245258969,,1
135,new-york-giants,2024,active,52,115949374.0,0.2826086956521739,0.4497213194391307,3,14,0.176,273,415,-142,0.0,0.083,-2.8867545738694886,-0.7568139418987982,,1
136,jacksonville-jaguars,2024,active,53,142873539.0,0.3441558441558441,0.5667718874476751,4,13,0.235,320,435,-115,0.5,0.333,-2.071425125928913,-0.05592302119040205,,1
137,carolina-panthers,2020,active,53,119293249.0,0.3291925465838509,0.5846581957495444,5,11,0.313,350,402,-52,0.167,0.333,-1.4998581717372004,-0.4998522908079252,,1
138,tampa-bay-buccaneers,2024,active,53,139250589.0,0.3271604938271605,0.5695787807871112,10,7,0.588,502,385,117,0.667,0.667,-2.14663878613729,-0.019092585998742088,,1
139,jacksonville-jaguars,2022,active,51,159988522.0,0.3722627737226277,0.6918925821977624,9,8,0.529,404,350,54,0.667,0.667,-1.1072167127899821,0.4454172492557902,,1
140,carolina-panthers,2021,active,56,96749377.0,0.345679012345679,0.5322569687615851,5,12,0.294,304,404,-100,0.333,0.25,-1.781920924226068,-0.7170051671164668,,1
141,jacksonville-jaguars,2020,active,54,87879404.0,0.3050847457627119,0.4768584163465829,1,15,0.063,306,492,-186,0.167,0.083,-2.0836259490564992,-1.1806617256840506,,1
142,jacksonville-jaguars,2019,active,53,122743628.0,0.3486842105263157,0.6441876725741752,6,10,0.375,300,397,-97,0.333,0.5,-1.0027893149623546,-0.2749534017782776,,1
143,carolina-panthers,2022,active,53,128149331.0,0.3581081081081081,0.6336214205524258,7,10,0.412,347,374,-27,0.667,0.5,-1.4285348067533068,0.07862331716964022,,1
144,new-york-jets,2016,active,54,97375558.0,0.3461538461538461,0.6159762518620009,5,11,0.313,275,409,-134,0.333,0.333,-0.7071784122914244,-0.8903036559328924,,1
145,new-york-jets,2019,active,53,96678757.0,0.3840579710144927,0.5129801648002333,7,9,0.438,276,359,-83,0.333,0.333,-1.3812945800558543,-1.1737471977224254,,1
146,new-york-jets,2020,active,53,86529089.0,0.3557046979865771,0.4741352446202247,2,14,0.125,243,457,-214,0.0,0.083,-1.8355465049758322,-1.253392369858759,,1
147,new-york-jets,2021,active,55,88174985.0,0.3525641025641026,0.428581826747049,4,13,0.235,310,504,-194,0.0,0.333,-2.189078266073599,-1.4043620165141917,,1
148,new-york-jets,2023,active,54,143977333.0,0.3121387283236994,0.6469560211523399,7,10,0.412,268,355,-87,0.333,0.333,-1.7504650152721564,0.36026326607452763,,1
149,indianapolis-colts,2023,active,52,150648067.0,0.3132530120481928,0.6729165717469148,9,8,0.529,396,415,-19,0.5,0.583,-1.6339498223802817,0.5293026123781863,,1
150,carolina-panthers,2024,active,52,147641087.0,0.2407407407407407,0.5648873008392838,5,12,0.294,341,534,-193,0.333,0.333,-2.610031781907645,0.043820535454867963,,1
151,new-york-jets,2024,active,53,156802254.0,0.2804232804232804,0.606612256315357,5,12,0.294,338,404,-66,0.333,0.417,-2.2283633233600746,0.27443340490641766,,1
152,indianapolis-colts,2017,active,53,90264198.0,0.3231707317073171,0.5775997265839429,4,12,0.25,263,404,-141,0.333,0.25,-1.1318800587927813,-0.9726984120672976,,1
153,baltimore-ravens,2015,active,52,65521036.0,0.3076923076923077,0.4639739748139477,5,11,0.313,328,401,-73,0.5,0.333,-1.410241924823998,-1.9897916824766986,,1
154,new-orleans-saints,2017,active,51,97762121.0,0.3333333333333333,0.6045242177313446,11,5,0.688,448,326,122,0.667,0.667,-0.9648291044890247,-0.8071460450285817,,1
155,new-england-patriots,2024,active,53,130015616.0,0.3212121212121212,0.5662357283980046,4,13,0.235,289,417,-128,0.333,0.25,-2.191424454638853,-0.034567991139601746,,1
156,new-england-patriots,2023,active,53,122696951.0,0.3655172413793103,0.5530591144914996,4,13,0.235,236,366,-130,0.333,0.333,-1.8773583235714895,-0.31336780946880005,,1
157,miami-dolphins,2024,active,53,138344211.0,0.3271604938271605,0.5805018835294469,8,9,0.471,345,364,-19,0.5,0.5,-2.10001948222478,0.05254025714295007,,1
158,los-angeles-rams,2023,active,52,131880407.0,0.348993288590604,0.6072553259208199,10,7,0.588,404,377,27,0.833,0.667,-1.7308262506266705,0.059958708460103975,,1
159,los-angeles-rams,2022,active,54,113511363.0,0.3417721518987341,0.5667912047764121,5,12,0.294,307,384,-77,0.167,0.25,-1.7975734986361704,-0.3419356836971509,,1
160,los-angeles-rams,2021,active,54,121817079.0,0.3333333333333333,0.6611960580979585,12,5,0.706,460,372,88,0.5,0.667,-1.2949533440855254,0.1419499565171517,,1
161,buffalo-bills,2018,active,53,104008378.0,0.4015151515151515,0.5791222768077716,6,10,0.375,269,374,-105,0.333,0.333,-0.8664410607930118,-0.9032777796446613,,1
162,washington-commanders,2021,active,56,108019140.0,0.3660130718954248,0.5580460376457899,7,10,0.412,335,434,-99,0.333,0.5,-1.5675320086807396,-0.5699247243149441,,1
163,washington-commanders,2020,active,53,131896856.0,0.3605442176870748,0.6829242727401534,7,9,0.438,335,329,6,0.667,0.417,-0.9196156753457124,0.11058348409390528,,1
164,minnesota-vikings,2020,active,52,112701789.0,0.3398692810457516,0.57787074643569,7,9,0.438,430,475,-45,0.667,0.417,-1.474050521090078,-0.5559374835203729,,1
165,minnesota-vikings,2021,active,56,118144787.0,0.3758389261744966,0.6263618078983123,8,9,0.471,425,426,-1,0.667,0.5,-1.2255526211505001,-0.1325665893946284,,1
166,washington-commanders,2019,active,53,78588363.0,0.3840579710144927,0.4350841868068411,3,13,0.188,266,435,-169,0.0,0.167,-1.7137510585215765,-1.6845828553733253,,1
167,los-angeles-chargers,2024,active,53,183462766.0,0.3045977011494253,0.7060535520806609,11,6,0.647,402,301,101,0.667,0.667,-1.67992738432002,0.900356349387055,,1
168,los-angeles-chargers,2023,active,53,132544014.0,0.3680555555555556,0.6065673243758186,5,12,0.294,346,398,-52,0.167,0.25,-1.6359650982843559,0.03478324921760711,,1
169,washington-commanders,2018,active,53,102905158.0,0.3984962406015037,0.5955320344988941,7,9,0.438,281,359,-78,0.333,0.5,-0.8118932569428439,-0.7923913720443747,,1
170,cleveland-browns,2017,active,53,77946523.0,0.381294964028777,0.4975393014857039,0,16,0.0,234,410,-176,0.0,0.0,-1.1753723434383156,-1.5607353219035829,,1
171,buffalo-bills,2024,active,53,175108383.0,0.3212121212121212,0.6838374935458847,13,4,0.765,525,368,157,0.833,0.75,-1.6895054889929797,0.7366550756703437,,1
172,minnesota-vikings,2023,active,52,122035441.0,0.3312101910828025,0.5736422809183153,7,10,0.412,344,362,-18,0.333,0.5,-1.9655200222850269,-0.14119600692850987,,1
173,minnesota-vikings,2024,active,52,164432512.0,0.3270440251572327,0.6510547394843448,14,3,0.824,432,332,100,0.667,0.75,-1.7995006470950128,0.5153465543891126,,1
174,baltimore-ravens,2021,active,56,113199729.0,0.3393939393939394,0.6193156636352242,8,9,0.471,387,392,-5,0.167,0.417,-1.442603477335041,-0.1392680846902299,,1
175,baltimore-ravens,2020,active,53,135700177.0,0.3251533742331288,0.7105121390474107,11,5,0.688,468,303,165,0.667,0.583,-0.9834419531066378,0.3298663915696867,,1
176,cincinnati-bengals,2020,active,54,115462613.0,0.3724137931034483,0.5842145255597786,4,11,0.281,311,424,-113,0.167,0.333,-1.2800084163067558,-0.5496139077015123,,1
177,new-england-patriots,2020,active,53,103996819.0,0.3099415204678362,0.5571766863028881,7,9,0.438,326,353,-27,0.5,0.5,-1.7159139256520441,-0.6592056388967167,,1
178,las-vegas-raiders,2024,active,54,111854212.0,0.3483870967741935,0.4937462516867079,4,13,0.235,309,434,-125,0.0,0.25,-2.3613870861618116,-0.5394060605231938,,1
179,las-vegas-raiders,2023,active,52,155882148.0,0.3229813664596273,0.6975473846094626,8,9,0.471,332,331,1,0.667,0.5,-1.4789160546224458,0.6802839450943774,,1
180,las-vegas-raiders,2022,active,53,122209751.0,0.3117647058823529,0.612068709357617,6,11,0.353,395,418,-23,0.5,0.417,-1.758282096395901,-0.012481160362851743,,1
181,las-vegas-raiders,2021,active,54,129494524.0,0.3576158940397351,0.6817978198753406,10,7,0.588,374,439,-65,0.5,0.667,-1.082446133478844,0.2507322535057746,,1
182,las-vegas-raiders,2019,active,51,119270203.0,0.3566433566433566,0.6888425917481962,7,9,0.438,313,419,-106,0.5,0.417,-0.7713703641373629,0.00926226635050664,,1
183,las-vegas-raiders,2018,active,53,115252545.0,0.3581081081081081,0.6443360669332595,4,12,0.25,290,467,-177,0.167,0.25,-0.8108081176165501,-0.428557438413893,,1
184,cleveland-browns,2023,active,53,136190604.0,0.3441558441558441,0.6137600296355683,11,6,0.647,396,362,34,0.5,0.667,-1.7278826130087825,0.10785985622483985,,1
185,philadelphia-eagles,2020,active,52,140155537.0,0.3421052631578947,0.6987044228595709,4,11,0.281,334,418,-84,0.333,0.333,-0.9468663693959467,0.234056385013206,,1
186,carolina-panthers,2023,active,53,136455085.0,0.3028571428571429,0.5862179256982786,2,15,0.118,236,416,-180,0.167,0.083,-2.057310902883435,-0.02799106765546378,,1
187,philadelphia-eagles,2022,active,53,145718346.0,0.363013698630137,0.6640295299452852,14,3,0.824,477,344,133,0.667,0.75,-1.2735866246158971,0.27271960512471016,,1
188,san-francisco-49ers,2017,active,53,78589073.0,0.3605442176870748,0.5406333696101067,6,10,0.375,331,383,-52,0.167,0.25,-1.0979089543534926,-1.2556339140848336,,1
189,san-francisco-49ers,2018,active,54,99114405.0,0.391304347826087,0.4972803046802513,4,12,0.25,342,435,-93,0.167,0.167,-1.2681246141976446,-1.4289223885406532,,1
190,san-francisco-49ers,2020,active,55,101109577.0,0.3160919540229885,0.4989146328523865,6,10,0.375,376,390,-14,0.5,0.333,-1.9330193785783993,-1.0479506765047406,,1
191,san-francisco-49ers,2024,active,53,138201567.0,0.3081395348837209,0.5624712131046623,6,11,0.353,389,436,-47,0.167,0.333,-2.2745591444446935,-0.04508463079095027,,1
192,philadelphia-eagles,2021,active,62,101610988.0,0.4246575342465753,0.537108616758053,9,8,0.529,444,385,59,0.5,0.583,-1.356021009442983,-0.7708015846927451,,1
193,detroit-lions,2024,active,52,151659744.0,0.2857142857142857,0.6469164081879486,15,2,0.882,564,342,222,1.0,0.917,-2.029201942457507,0.5330093644247372,,1
194,chicago-bears,2022,active,53,78766986.0,0.3354430379746835,0.3847981287259814,3,14,0.176,326,463,-137,0.0,0.083,-2.6067826778750485,-1.5285710769482634,,1
195,detroit-lions,2021,active,56,76519893.0,0.3333333333333333,0.3892308988624162,3,13,0.206,325,467,-142,0.333,0.25,-2.4556882296849794,-1.6415760297411501,,1
196,detroit-lions,2020,active,52,136316057.0,0.3421052631578947,0.6772657129805291,5,11,0.313,377,519,-142,0.167,0.333,-1.03836580457653,0.09346302265531653,,1
197,detroit-lions,2019,active,53,93511403.0,0.381294964028777,0.529427204310921,3,12,0.219,341,423,-82,0.0,0.208,-1.3252747634533368,-1.0628937001301724,,1
198,detroit-lions,2018,active,53,109575685.0,0.381294964028777,0.6243750946101133,6,10,0.375,324,360,-36,0.333,0.333,-0.7770422347465358,-0.5845945909617941,,1
199,arizona-cardinals,2024,active,53,164898640.0,0.3291925465838509,0.6406621030531325,8,9,0.471,400,379,21,0.5,0.333,-1.832833119158477,0.4448634585822159,,1
200,arizona-cardinals,2023,active,53,107322872.0,0.2896174863387978,0.4920273890728904,4,13,0.235,330,455,-125,0.0,0.25,-2.527236865091474,-0.6313332923476354,,1
201,chicago-bears,2021,active,53,128620134.0,0.3706293706293706,0.6814333974197235,6,11,0.353,311,407,-96,0.333,0.333,-1.0172368195388,0.23423572150838862,,1
202,seattle-seahawks,2022,active,53,120909675.0,0.3117647058823529,0.5602947129381104,9,8,0.529,407,401,6,0.667,0.5,-1.9792511498582785,-0.3520109305958864,,1
203,arizona-cardinals,2022,active,52,98153785.0,0.287292817679558,0.4792064777585684,4,13,0.235,340,449,-109,0.167,0.25,-2.4508831983302923,-0.8572535001932942,,1
204,denver-broncos,2022,active,53,108893408.0,0.3028571428571429,0.514968644716025,5,12,0.294,287,359,-72,0.167,0.25,-2.2184003150332074,-0.6395998520432644,,1
205,denver-broncos,2021,active,55,107269390.0,0.3594771241830065,0.5695401908698413,7,10,0.412,335,322,13,0.167,0.25,-1.5520076702478554,-0.4874619749616208,,1
206,denver-broncos,2020,active,53,102374592.0,0.363013698630137,0.5229059059672452,5,11,0.313,323,446,-123,0.167,0.333,-1.5898972763490953,-0.9414812291719206,,1
207,denver-broncos,2019,active,52,105297174.0,0.3768115942028985,0.5778269977402407,7,9,0.438,282,316,-34,0.5,0.5,-1.1417082423971516,-0.740631689090484,,1
208,denver-broncos,2018,active,53,114730854.0,0.3840579710144927,0.6317082729150594,6,10,0.375,329,349,-20,0.333,0.333,-0.731569167174673,-0.5394993024952679,,1
209,seattle-seahawks,2024,active,52,170968666.0,0.2857142857142857,0.6747971816457634,10,7,0.588,375,368,7,0.667,0.5,-1.9102080739746958,0.7158492697963179,,1
210,dallas-cowboys,2020,active,52,108629975.0,0.3421052631578947,0.5679033598583072,6,10,0.375,395,473,-78,0.333,0.417,-1.5051193357899495,-0.6237266322993864,,1
211,arizona-cardinals,2020,active,53,134848837.0,0.3333333333333333,0.6945136885399334,8,8,0.5,410,367,43,0.333,0.5,-1.0097559512980125,0.21608270002249064,,1
212,arizona-cardinals,2019,active,53,118348287.0,0.3706293706293706,0.616333361068302,5,10,0.344,361,442,-81,0.167,0.292,-1.00908226942525,-0.48140844294941126,,1
213,arizona-cardinals,2018,active,53,107921249.0,0.3605442176870748,0.6241286235554809,3,13,0.188,225,425,-200,0.333,0.25,-0.8845542885721278,-0.5637170083621734,,1
214,dallas-cowboys,2024,active,53,97500830.0,0.3509933774834437,0.4055521960637089,7,10,0.412,350,468,-118,0.5,0.417,-2.7244239648416904,-1.120600918361203,,1
215,tampa-bay-buccaneers,2023,active,53,128436935.0,0.375886524822695,0.5741975106584827,9,8,0.529,348,325,23,0.667,0.583,-1.7339417931824146,-0.18598423949834098,,1
216,denver-broncos,2024,active,52,150535729.0,0.3513513513513513,0.5970335198540277,10,7,0.588,425,311,114,0.5,0.5,-1.9053538574722326,0.13473040033303363,,1
217,tennessee-titans,2018,active,53,117854426.0,0.3680555555555556,0.6461362876626908,9,7,0.563,310,303,7,0.5,0.417,-0.7520902348007574,-0.42753481972572743,,1
218,philadelphia-eagles,2024,active,53,168537098.0,0.3173652694610778,0.6718146315837702,14,3,0.824,463,303,160,0.833,0.75,-1.7605544955237376,0.661980106537886,,1
219,houston-texans,2021,active,56,115736939.0,0.3333333333333333,0.6194920818478699,4,13,0.235,280,452,-172,0.5,0.333,-1.4729440111171235,-0.1315414185597319,,1
220,atlanta-falcons,2022,active,53,94499866.0,0.3212121212121212,0.4684763200525099,7,10,0.412,365,386,-21,0.333,0.5,-2.32265861343878,-0.9643897319091468,,1
221,pittsburgh-steelers,2019,active,53,129754417.0,0.4015151515151515,0.6286401086865517,8,8,0.5,289,303,-14,0.5,0.5,-0.7981004814714336,-0.43418211827614683,,1
222,cleveland-browns,2024,active,52,129961235.0,0.2795698924731182,0.523752035912541,3,14,0.176,258,435,-177,0.333,0.25,-2.5863852038362514,-0.2680322843973644,,1
223,houston-texans,2023,active,53,142196787.0,0.292817679558011,0.6264767811114199,10,7,0.588,377,353,24,0.667,0.583,-1.9369946488671965,0.24690615139590544,,1
224,tennessee-titans,2024,active,53,142042127.0,0.3099415204678362,0.5793506711744727,3,14,0.176,311,460,-149,0.167,0.25,-2.1932734378253866,0.06365615706726135,,1
225,miami-dolphins,2019,active,54,60872168.0,0.3624161073825503,0.3463408981971826,5,11,0.313,306,494,-188,0.333,0.333,-2.203535299694066,-2.2430944212173825,,1
226,tennessee-titans,2023,active,53,128983277.0,0.2912087912087912,0.5823427535046567,6,11,0.353,305,367,-62,0.167,0.333,-2.1336109435343436,-0.04077726452713904,,1
227,houston-texans,2024,active,53,180926822.0,0.3192771084337349,0.7134152710796356,10,7,0.588,372,372,0,0.833,0.667,-1.5731963205328832,0.9327213636659144,,1
228,houston-texans,2017,active,53,99775402.0,0.3464052287581699,0.6242657719337547,4,12,0.25,338,436,-98,0.167,0.25,-0.8135086865293122,-0.6918524999665276,,1
229,houston-texans,2022,active,52,113791851.0,0.3312101910828025,0.5350714592320903,3,13,0.206,289,420,-131,0.583,0.292,-1.9871392617878278,-0.5385020419892399,,1
230,green-bay-packers,2024,active,52,154542400.0,0.3768115942028985,0.6142702664046468,11,6,0.647,460,338,122,0.167,0.5,-1.7011663695380173,0.2201685800716836,,1
231,green-bay-packers,2023,active,53,120689913.0,0.3732394366197183,0.5535073800762038,9,8,0.529,383,350,33,0.667,0.583,-1.8358270108850023,-0.3187990202821417,,1
232,tennessee-titans,2022,active,51,78943246.0,0.281767955801105,0.376289566968004,7,10,0.412,298,359,-61,0.5,0.417,-2.918472759740577,-1.5261854746488352,,1
233,dallas-cowboys,2015,active,52,80128732.0,0.3132530120481928,0.5814161088319049,4,12,0.25,275,374,-99,0.5,0.25,-0.880475486586309,-1.225643297310002,,1
234,tennessee-titans,2020,active,51,135619326.0,0.3248407643312102,0.6260875150788956,11,5,0.688,491,439,52,0.833,0.667,-1.3453662159269957,-0.2234447387871622,,1
235,houston-texans,2020,active,55,141313765.0,0.3548387096774194,0.6704281836381158,4,12,0.25,384,464,-80,0.333,0.25,-1.002220088346919,0.03481992218458862,,1
236,philadelphia-eagles,2023,active,53,160037713.0,0.3291925465838509,0.6892618269010555,11,6,0.647,433,428,5,0.667,0.583,-1.4824124492749802,0.6192149609555948,,1
237,chicago-bears,2016,active,53,73471561.0,0.3333333333333333,0.4953465549736393,3,13,0.188,279,399,-120,0.333,0.25,-1.2877951187919894,-1.6674861547941935,,1
238,tennessee-titans,2011,active,59,110414324.0,0.8676470588235294,0.9690521984832212,9,7,0.563,325,317,8,0.5,0.583,4.190211229037752,0.1380308175596019,,2
239,tampa-bay-buccaneers,2011,active,54,81935451.0,0.8059701492537313,0.9341173780571398,4,12,0.25,287,494,-207,0.333,0.25,3.7246823142698515,-0.024210868866786587,,2
240,new-york-giants,2011,active,66,121242887.0,0.8571428571428571,0.9638325135241584,9,7,0.563,394,400,-6,0.5,0.417,4.114042843704874,0.11518714770204674,,2
241,minnesota-vikings,2013,active,54,117391509.0,0.4778761061946903,0.9083233569157012,5,10,0.344,391,480,-89,0.417,0.375,1.6453345297972106,0.45101296285366577,,2
242,baltimore-ravens,2011,active,53,106996060.0,0.6973684210526315,0.8882865549251246,12,4,0.75,378,266,112,1.0,0.75,2.971905542588996,-0.20704092361092385,,2
243,minnesota-vikings,2012,active,56,101179587.0,0.6153846153846154,0.8707764533959925,10,6,0.625,379,348,31,0.667,0.583,2.3335622791637394,-0.08863825897895283,,2
244,minnesota-vikings,2011,active,57,109353701.0,0.75,0.898897605777042,3,13,0.188,340,449,-109,0.0,0.25,3.2872153379640774,-0.1945074057687377,,2
245,philadelphia-eagles,2011,active,63,119608063.0,0.7325581395348837,0.9429332684361476,8,8,0.5,396,328,68,0.833,0.5,3.385673396988538,0.11318205444753038,,2
246,philadelphia-eagles,2012,active,59,89390050.0,0.5728155339805825,0.7578943439747722,4,12,0.25,280,444,-164,0.167,0.167,1.6333891527260767,-0.7827650847006401,,2
247,washington-commanders,2012,active,60,89330238.0,0.625,0.7742534149377328,10,6,0.625,436,388,48,0.833,0.667,1.970937356676254,-0.7320518331569901,,2
248,tampa-bay-buccaneers,2012,active,58,95377285.0,0.651685393258427,0.6908383706406572,7,9,0.438,389,394,-5,0.5,0.333,1.751833136611136,-1.3080082000889741,,2
249,arizona-cardinals,2012,active,53,88769403.0,0.6385542168674698,0.7535743962476174,5,11,0.313,250,357,-107,0.167,0.25,1.9522191280476053,-0.8823560445728069,,2
250,baltimore-ravens,2012,active,56,101262723.0,0.5436893203883495,0.7798366480993113,10,6,0.625,398,344,54,0.667,0.667,1.577608080526919,-0.6072962194828517,,2
251,pittsburgh-steelers,2011,active,69,112245403.0,0.75,0.9028746962184844,12,4,0.75,325,227,98,0.667,0.75,3.3041893784314014,-0.1684259614692174,,2
252,san-francisco-49ers,2011,active,65,108064664.0,0.7558139534883721,0.945360305213452,13,3,0.813,380,229,151,0.833,0.833,3.5153440647298844,0.1038889425304057,,2
253,san-francisco-49ers,2012,active,57,130707457.0,0.57,0.942940663732622,11,4,0.719,397,273,124,0.583,0.625,2.408713515851083,0.4338060864446689,,2
254,new-york-jets,2011,active,70,113337718.0,0.8860759493670886,0.9217188221009528,8,8,0.5,377,363,14,0.5,0.5,4.082742561151505,-0.1923547341111591,,2
255,new-orleans-saints,2011,active,46,96762948.0,0.8363636363636363,0.9245982873743184,13,3,0.813,547,339,208,0.833,0.75,3.8399867448160863,-0.11958301500714374,,2
256,seattle-seahawks,2011,active,64,86281574.0,0.7272727272727273,0.8090227191338897,7,9,0.438,321,315,6,0.5,0.5,2.787032879187361,-0.759263312664758,,2
257,new-york-jets,2012,active,65,103682583.0,0.5555555555555556,0.7738321316458073,6,10,0.375,281,375,-94,0.333,0.333,1.6128598958261628,-0.6595364256126242,,2
258,washington-commanders,2013,active,53,88700032.0,0.5408163265306123,0.8259985126444775,3,13,0.188,334,478,-144,0.0,0.083,1.6168858678744258,-0.15709438549702603,,2
259,tennessee-titans,2013,active,54,110121914.0,0.4954128440366973,0.8639820092760649,7,9,0.438,362,381,-19,0.333,0.5,1.5460585823984943,0.14121599714712663,,2
260,tennessee-titans,2012,active,55,91480384.0,0.6790123456790124,0.7630050083795498,6,10,0.375,330,471,-141,0.167,0.417,2.200035904362981,-0.8643676652146792,,2
261,seattle-seahawks,2012,active,56,92835125.0,0.7,0.7339553860717932,11,5,0.688,412,245,167,0.5,0.667,2.183729007333947,-1.077623518606734,,2
262,atlanta-falcons,2012,active,53,103035944.0,0.5698924731182796,0.808455052821718,13,3,0.813,419,299,120,0.5,0.75,1.8341834086698319,-0.4480233446845738,,2
263,atlanta-falcons,2011,active,53,116684491.0,0.7464788732394366,0.9259617263674468,10,6,0.625,402,350,52,0.5,0.583,3.3846588961197233,-0.013206124974686432,,2
264,new-england-patriots,2011,active,64,100597539.0,0.6153846153846154,0.9337372120933956,13,3,0.813,513,342,171,0.833,0.833,2.745275190266502,0.1798917731575922,,2
265,new-york-giants,2012,active,55,115366005.0,0.6547619047619048,0.919144078246066,9,7,0.563,429,344,85,0.5,0.667,2.7420152839051224,0.18586760337913444,,2
266,washington-commanders,2011,active,66,101721110.0,0.7096774193548387,0.8074815316414361,5,11,0.313,288,367,-79,0.333,0.417,2.6901837716572436,-0.7502968901439118,,2
267,new-orleans-saints,2012,active,56,98362462.0,0.7272727272727273,0.8239127296222316,7,9,0.438,461,454,7,0.5,0.417,2.7075834974228656,-0.5172541629323504,,2
268,arizona-cardinals,2011,active,58,111028866.0,0.7160493827160493,0.9371868394023,8,8,0.5,312,348,-36,0.667,0.583,3.276450978323657,0.09339300859949895,,2
269,las-vegas-raiders,2012,active,60,80880556.0,0.6896551724137931,0.6997890671324719,4,12,0.25,290,443,-153,0.333,0.333,1.9848353661362168,-1.2904696851441941,,2
270,carolina-panthers,2011,active,65,118717431.0,0.7926829268292683,0.958689899615114,6,10,0.375,406,429,-23,0.333,0.25,3.7613876301098514,0.15133720275014317,,2
271,kansas-city-chiefs,2011,active,51,102219859.0,0.8793103448275862,0.9856074026603838,7,9,0.438,212,338,-126,0.5,0.333,4.320705686983135,0.23395547154150464,,2
272,green-bay-packers,2014,active,54,123610693.0,0.4695652173913043,0.922211552219196,12,4,0.75,486,348,138,0.833,0.75,1.5189710633481148,0.6954613359170096,,2
273,cincinnati-bengals,2015,active,53,134100760.0,0.4907407407407407,0.931814942656774,12,4,0.75,419,279,140,0.833,0.75,1.5255980412789742,0.8798468690114243,,2
274,denver-broncos,2011,active,58,96117160.0,0.7532467532467533,0.8805424902979434,8,8,0.5,309,390,-81,0.5,0.5,3.2255337636410943,-0.31839829806384334,,2
275,denver-broncos,2012,active,56,115818873.0,0.6021505376344086,0.8711530119411854,13,3,0.813,481,289,192,1.0,0.833,2.2672729840160435,-0.07182300662622643,,2
276,kansas-city-chiefs,2012,active,59,113243727.0,0.6555555555555556,0.7841740262273066,2,14,0.125,211,425,-214,0.0,0.0,2.1700410277432702,-0.7001156356191502,,2
277,los-angeles-rams,2011,active,58,104892581.0,0.7631578947368421,0.9705415368232664,2,14,0.125,193,407,-214,0.0,0.083,3.660493944109604,0.2610645944715202,,2
278,los-angeles-rams,2012,active,55,97024559.0,0.5913978494623656,0.8078715582215008,7,8,0.469,299,348,-49,0.75,0.542,1.9420247788243652,-0.47516179931859137,,2
279,green-bay-packers,2012,active,56,103558073.0,0.5894736842105263,0.8650710987065159,11,5,0.688,433,336,97,0.833,0.667,2.1762780231583196,-0.09796593512776863,,2
280,jacksonville-jaguars,2011,active,67,86274323.0,0.8072289156626506,0.9251377088070424,5,11,0.313,243,329,-86,0.5,0.333,3.692815501161338,-0.08446333853790366,,2
281,chicago-bears,2011,active,58,100736630.0,0.8169014084507042,0.9348530837212514,8,8,0.5,353,341,12,0.5,0.583,3.7839042667679488,-0.031235712922998097,,2
282,los-angeles-chargers,2012,active,55,94427351.0,0.6395348837209303,0.749617083613538,7,9,0.438,350,350,0,0.667,0.583,1.9403607350997938,-0.9093708357030783,,2
283,green-bay-packers,2011,active,59,112438083.0,0.7866666666666666,0.971603395619928,15,1,0.938,560,359,201,1.0,1.0,3.785635876211447,0.24254454561875138,,2
284,chicago-bears,2012,active,58,110878054.0,0.651685393258427,0.8600453995280403,10,6,0.625,375,277,98,0.5,0.583,2.474001012343038,-0.19836189860504694,,2
285,houston-texans,2012,active,58,99812333.0,0.6373626373626373,0.7967076015750512,12,4,0.75,416,331,85,0.833,0.833,2.1301963714787253,-0.5982002197699697,,2
286,cleveland-browns,2011,active,47,95915724.0,0.7704918032786885,0.9236919045850752,4,12,0.25,218,307,-89,0.0,0.25,3.4981679124407132,-0.054121581431242356,,2
287,cleveland-browns,2012,active,61,103841976.0,0.6703296703296703,0.8154020421333555,5,11,0.313,302,368,-66,0.333,0.417,2.379118246914614,-0.5113399988402427,,2
288,detroit-lions,2012,active,58,112681183.0,0.6041666666666666,0.8491381455112552,4,12,0.25,372,437,-65,0.0,0.25,2.1836581357072546,-0.21838025271603645,,2
289,miami-dolphins,2011,active,62,113956396.0,0.6739130434782609,0.8579931482306912,6,10,0.375,329,313,16,0.5,0.417,2.7222786340331053,-0.380276931750937,,2
290,detroit-lions,2011,active,61,122665700.0,0.8970588235294118,0.98662078586477,10,6,0.625,474,387,87,0.5,0.5,4.416087980966535,0.22136171232819835,,2
291,cincinnati-bengals,2011,active,56,100359460.0,0.691358024691358,0.9246336167948862,9,7,0.563,344,323,21,0.333,0.5,3.0961972619495275,0.03783553287179874,,2
292,houston-texans,2011,active,56,112360071.0,0.7567567567567568,0.9301468747842218,10,6,0.625,381,278,103,0.667,0.667,3.4552508185800193,0.0030984662318129753,,2
293,los-angeles-chargers,2011,active,59,110231108.0,0.7108433734939759,0.9054144480039787,8,8,0.5,406,377,29,0.5,0.583,3.1141388275579667,-0.10932447727340433,,2
294,las-vegas-raiders,2011,active,52,105625393.0,0.8387096774193549,0.9578965212973454,8,8,0.5,359,433,-74,0.5,0.5,3.994138272569196,0.09624104618410989,,2
295,indianapolis-colts,2011,active,59,117123832.0,0.7866666666666666,0.9469591969828824,2,14,0.125,243,430,-187,0.333,0.167,3.68045556132822,0.08092984172348094,,2
296,cincinnati-bengals,2012,active,54,90753643.0,0.6136363636363636,0.7730801765342692,10,6,0.625,391,320,71,0.5,0.583,1.907629756234209,-0.7274275950052078,,2
297,dallas-cowboys,2011,active,56,92371660.0,0.7368421052631579,0.8682961482813737,8,8,0.5,369,347,22,0.333,0.5,3.089104135523243,-0.380926113272926,,2
298,atlanta-falcons,2013,active,53,89778071.0,0.4568965517241379,0.7345959195830108,4,12,0.25,353,443,-90,0.167,0.25,0.7962397478319747,-0.6655358698874781,,3
299,seattle-seahawks,2013,active,54,101503464.0,0.4864864864864865,0.7590431426370695,13,3,0.813,417,231,186,0.667,0.833,1.052388290761495,-0.5372885641685663,,3
300,detroit-lions,2016,active,53,116112911.0,0.3897058823529412,0.775540630808039,9,7,0.563,346,358,-12,0.5,0.583,0.1972754844880193,0.10889626982661016,,3
301,seattle-seahawks,2014,active,54,96775515.0,0.3884892086330935,0.7419495945703087,12,4,0.75,394,254,140,0.833,0.833,0.3336669568120202,-0.39879548521661257,,3
302,atlanta-falcons,2014,active,54,103552592.0,0.4251968503937008,0.7785353368945578,6,10,0.375,381,417,-36,0.833,0.5,0.6781390005762459,-0.19866036351494587,,3
303,atlanta-falcons,2015,active,53,99720594.0,0.3655172413793103,0.7319691302005823,8,8,0.5,339,345,-6,0.167,0.417,0.030215591936628216,-0.29498320528436417,,3
304,san-francisco-49ers,2016,active,53,84921427.0,0.381294964028777,0.6337316683863277,2,14,0.125,309,480,-171,0.333,0.167,-0.4511102712262395,-0.8119581999814953,,3
305,atlanta-falcons,2016,active,52,112615074.0,0.3661971830985915,0.7321181439170201,11,5,0.688,540,406,134,0.833,0.75,-0.10865930188748281,-0.15038140599408187,,3
306,pittsburgh-steelers,2013,active,54,96309954.0,0.453781512605042,0.7676586767423238,8,8,0.5,379,370,9,0.667,0.5,0.9213686148256282,-0.44533620649010325,,3
307,pittsburgh-steelers,2014,active,53,113996593.0,0.4568965517241379,0.8639532086540354,11,5,0.688,436,368,68,0.667,0.75,1.2053314861286664,0.32714063187758036,,3
308,pittsburgh-steelers,2015,active,53,95331909.0,0.4045801526717557,0.6865303632443455,10,6,0.625,423,319,104,0.5,0.583,0.03669430543445756,-0.6353114474088724,,3
309,pittsburgh-steelers,2016,active,53,120047251.0,0.4173228346456692,0.7928098824849216,11,5,0.688,399,327,72,0.833,0.75,0.41266653665029784,0.1922097310152954,,3
310,houston-texans,2016,active,53,115226229.0,0.4173228346456692,0.7577633531834416,9,7,0.563,279,328,-49,0.833,0.583,0.26308954931207923,-0.03762263395766558,,3
311,pittsburgh-steelers,2018,active,53,130326198.0,0.5578947368421052,0.8060494448975749,9,6,0.594,428,360,68,0.75,0.542,0.9043673087793688,0.4153763170167314,,3
312,houston-texans,2015,active,52,102642525.0,0.3661971830985915,0.7207884762858701,9,7,0.563,339,313,26,0.833,0.583,-0.014014539322543306,-0.3690421090959001,,3
313,houston-texans,2014,active,53,97907252.0,0.381294964028777,0.7414777497570268,9,7,0.563,372,307,65,0.667,0.667,0.2947436196574131,-0.3940912064373469,,3
314,houston-texans,2013,active,53,77438733.0,0.4690265486725664,0.6253793594768525,2,14,0.125,276,428,-152,0.167,0.167,0.39234048176637615,-1.3949184074966887,,3
315,chicago-bears,2017,active,53,110629152.0,0.3785714285714285,0.6595971516035902,5,11,0.313,264,320,-56,0.0,0.083,-0.49768972798412586,-0.4950204418459302,,3
316,green-bay-packers,2018,active,53,124176442.0,0.3955223880597014,0.7064857936872201,6,9,0.406,376,400,-24,0.25,0.292,-0.3536048016706401,-0.06154172998321323,,3
317,green-bay-packers,2017,active,53,115603840.0,0.4206349206349206,0.6861112077035765,7,9,0.438,320,384,-64,0.333,0.417,-0.16872539847456328,-0.3667404115938342,,3
318,san-francisco-49ers,2013,active,51,108616465.0,0.4434782608695652,0.8889605342121196,12,4,0.75,406,272,134,0.833,0.75,1.3862193558425115,0.36132055298833454,,3
319,san-francisco-49ers,2014,active,54,98126936.0,0.4060150375939849,0.7461680511584471,8,8,0.5,306,340,-34,0.333,0.583,0.441586070129899,-0.3901292733713433,,3
320,san-francisco-49ers,2015,active,52,74501722.0,0.40625,0.544840367985016,5,11,0.313,238,387,-149,0.167,0.333,-0.5594651020307402,-1.5663133439869603,,3
321,seattle-seahawks,2015,active,53,114840985.0,0.3375796178343949,0.7792983238803507,10,6,0.625,423,277,146,0.5,0.583,0.08888257643894305,0.04568243409822197,,3
322,green-bay-packers,2015,active,52,125157906.0,0.4521739130434782,0.8822881891166888,10,6,0.625,368,323,45,0.5,0.583,1.1163559402350813,0.5968609876521378,,3
323,green-bay-packers,2013,active,52,100707865.0,0.490566037735849,0.8344905426667587,8,7,0.531,417,428,-11,0.583,0.542,1.3953241777984982,-0.04693274240316848,,3
324,detroit-lions,2015,active,53,107062153.0,0.4108527131782946,0.7475582825732195,7,9,0.438,358,400,-42,0.5,0.5,0.32933957430579974,-0.24189467246338897,,3
325,miami-dolphins,2014,active,51,104746850.0,0.3290322580645161,0.7352926620892438,8,8,0.5,388,373,15,0.5,0.5,0.00021610792415149429,-0.37799946835594306,,3
326,seattle-seahawks,2018,active,53,124852499.0,0.3840579710144927,0.7124947082562058,10,6,0.625,428,347,81,0.5,0.667,-0.38677634868544897,-0.009708254358390667,,3
327,dallas-cowboys,2017,active,54,114468318.0,0.4736842105263157,0.7162854063148466,9,7,0.563,354,332,22,0.833,0.583,0.23222205280900873,-0.22636612021278635,,3
328,arizona-cardinals,2014,active,54,93308619.0,0.3857142857142857,0.7003629654201645,11,5,0.688,310,299,11,0.5,0.667,0.14194059076392454,-0.6685092759823509,,3
329,cincinnati-bengals,2017,active,52,128091070.0,0.4814814814814814,0.7921939006799013,7,9,0.438,290,349,-59,0.5,0.5,0.5961993477484715,0.26298349361557116,,3
330,arizona-cardinals,2013,active,52,92369539.0,0.4952380952380952,0.7694502726430741,10,6,0.625,379,324,55,0.333,0.5,1.1417049099817946,-0.4785262201873033,,3
331,dallas-cowboys,2014,active,51,87696782.0,0.3566433566433566,0.6734128007002153,12,4,0.75,467,352,115,0.667,0.667,-0.12222767370277247,-0.8137332799718042,,3
332,dallas-cowboys,2013,active,54,72038158.0,0.3857142857142857,0.6197359157218126,8,8,0.5,439,432,7,0.833,0.583,-0.05917271021210461,-1.3416167252921385,,3
333,dallas-cowboys,2012,active,58,96795939.0,0.5225225225225225,0.7356555569074384,8,8,0.5,376,400,-24,0.5,0.417,1.2804505526625922,-0.8740873959181295,,3
334,arizona-cardinals,2015,active,52,120691340.0,0.4031007751937984,0.8340337784836407,13,3,0.813,489,313,176,0.667,0.833,0.6586423151041995,0.33360792688491586,,3
335,cincinnati-bengals,2018,active,53,112195970.0,0.4732142857142857,0.6221814604171488,6,10,0.375,368,455,-87,0.167,0.333,-0.3148194732385692,-0.6986213077852559,,3
336,washington-commanders,2014,active,53,89595971.0,0.3680555555555556,0.6766468739562856,4,12,0.25,301,438,-137,0.333,0.167,-0.049875377714252996,-0.8048953683531221,,3
337,washington-commanders,2015,active,52,97790178.0,0.3537414965986394,0.6995529393431262,9,7,0.563,388,379,9,0.667,0.667,-0.1685497943798995,-0.494801048487207,,3
338,washington-commanders,2016,active,53,117003811.0,0.381294964028777,0.8007590551641097,8,7,0.531,396,383,13,0.5,0.5,0.2617549914729974,0.28339418108209824,,3
339,washington-commanders,2017,active,54,114359646.0,0.3970588235294117,0.6542015561418624,7,9,0.438,342,388,-46,0.167,0.417,-0.4258697087268031,-0.5504447650171542,,3
340,cleveland-browns,2015,active,53,102057621.0,0.424,0.730822801343611,3,13,0.188,278,432,-154,0.167,0.167,0.32536445988880164,-0.365896363021798,,3
341,cleveland-browns,2014,active,55,97109089.0,0.4074074074074074,0.7171951131841403,7,9,0.438,299,337,-38,0.333,0.333,0.3250743408217188,-0.5816408435307191,,3
342,cleveland-browns,2013,active,52,80881583.0,0.4684684684684684,0.7348411497683979,4,12,0.25,308,406,-98,0.333,0.25,0.8566552182182575,-0.6764716895239784,,3
343,cleveland-browns,2016,active,55,81775809.0,0.3985507246376811,0.6279716212007296,1,15,0.063,264,452,-188,0.0,0.083,-0.38716452168871285,-0.868437470472463,,3
344,seattle-seahawks,2017,active,53,126625244.0,0.3984962406015037,0.7565696257033067,9,7,0.563,366,332,34,0.667,0.583,0.018407098522178287,0.11931876418285017,,3
345,tennessee-titans,2016,active,53,116118046.0,0.424,0.7717396288248751,9,7,0.563,381,378,3,0.333,0.5,0.3569963450399448,0.04679459233948104,,3
346,tennessee-titans,2014,active,54,90812712.0,0.4122137404580153,0.7116897247721521,2,14,0.125,254,438,-184,0.167,0.167,0.32623612071037145,-0.6229548357357946,,3
347,detroit-lions,2014,active,54,112293516.0,0.4426229508196721,0.8481910107740981,11,5,0.688,321,282,39,0.833,0.75,1.0648295207046374,0.23924604576497877,,3
348,detroit-lions,2013,active,52,91836977.0,0.4444444444444444,0.7667825366876275,7,9,0.438,395,376,19,0.667,0.5,0.8697261706789435,-0.4409604316798218,,3
349,denver-broncos,2017,active,53,121736835.0,0.4206349206349206,0.7783480611752982,5,11,0.313,289,382,-93,0.333,0.333,0.2249372819345414,0.23814157225998617,,3
350,denver-broncos,2016,active,53,112742090.0,0.424,0.7658426359909967,9,7,0.563,333,297,36,0.333,0.5,0.33182824879683537,0.00812258012451816,,3
351,tampa-bay-buccaneers,2013,active,51,91995376.0,0.4722222222222222,0.7203214693216932,4,12,0.25,288,389,-101,0.167,0.167,0.8139442331012369,-0.7757596937463492,,3
352,tampa-bay-buccaneers,2014,active,53,94061905.0,0.3605442176870748,0.6859979367093589,2,14,0.125,277,410,-133,0.0,0.083,-0.04850181663441037,-0.7354295085097537,,3
353,tampa-bay-buccaneers,2015,active,53,86632966.0,0.3192771084337349,0.6486091855938193,6,10,0.375,342,417,-75,0.5,0.417,-0.5627923334874699,-0.7915265714964002,,3
354,tennessee-titans,2015,active,54,90472606.0,0.4153846153846154,0.7031768056486252,3,13,0.188,299,423,-124,0.167,0.083,0.16317203636162272,-0.5378574913044394,,3
355,tampa-bay-buccaneers,2016,active,54,120636046.0,0.3829787234042553,0.774673110175214,9,7,0.563,354,369,-15,0.667,0.583,0.1590597684443893,0.11049941454746112,,3
356,denver-broncos,2013,active,53,96535491.0,0.5196078431372549,0.7247286813848866,13,3,0.813,606,399,207,0.833,0.75,1.0758623388218929,-0.798223812974637,,3
357,arizona-cardinals,2017,active,53,104474970.0,0.3925925925925926,0.6169118901237418,8,8,0.5,295,361,-66,0.5,0.417,-0.6079339594765326,-0.7901460247412271,,3
358,arizona-cardinals,2016,active,53,111290277.0,0.3785714285714285,0.7140589608225523,7,8,0.469,418,362,56,0.75,0.542,-0.12224994531554537,-0.2822258476357112,,3
359,cincinnati-bengals,2013,active,52,92938874.0,0.4770642201834862,0.7314206381088857,11,5,0.688,430,305,125,0.5,0.667,0.8861564813035545,-0.7082209751642617,,3
360,cincinnati-bengals,2014,active,55,115809145.0,0.4508196721311475,0.8797272547349632,10,5,0.656,365,344,21,0.5,0.583,1.2414774260042756,0.4371729474996082,,3
361,cincinnati-bengals,2016,active,53,121320842.0,0.5,0.7757273278797242,6,9,0.406,325,315,10,0.5,0.417,0.7639278849931872,-0.009438800301599385,,3
362,dallas-cowboys,2018,active,52,121164619.0,0.4561403508771929,0.6963802024287892,10,6,0.625,339,324,15,0.833,0.75,-0.08573915388537527,-0.19352359415383616,,3
363,denver-broncos,2014,active,52,120462699.0,0.4227642276422764,0.8913884129768742,12,4,0.75,482,354,128,1.0,0.833,1.1473103919512402,0.5440581523983853,,3
364,pittsburgh-steelers,2012,active,56,93010135.0,0.4869565217391304,0.7437292722548867,8,8,0.5,336,314,22,0.5,0.417,1.13244013797759,-0.7825868742666332,,3
365,indianapolis-colts,2016,active,53,114015686.0,0.3706293706293706,0.7477304175474271,8,8,0.5,411,392,19,0.5,0.417,-0.01928782947721309,-0.05280186639168944,,3
366,indianapolis-colts,2012,active,54,75488533.0,0.5684210526315789,0.6208173519856401,11,5,0.688,357,387,-30,0.667,0.667,1.0258052553920751,-1.676941506192191,,3
367,los-angeles-chargers,2015,active,53,91395667.0,0.3192771084337349,0.6490493975928855,4,12,0.25,320,398,-78,0.0,0.25,-0.5609135287692044,-0.7886396960524862,,3
368,new-england-patriots,2012,active,63,101700267.0,0.4921875,0.7942748863358133,12,4,0.75,557,331,226,1.0,0.917,1.375003647992657,-0.4567831466493882,,3
369,new-england-patriots,2013,active,53,84784241.0,0.4015151515151515,0.6835394511246374,12,4,0.75,444,338,106,0.667,0.75,0.29420300732991334,-0.9403264138579872,,3
370,new-england-patriots,2014,active,54,109964588.0,0.3698630136986301,0.8186650158653281,12,4,0.75,468,313,155,0.667,0.75,0.5655245960460147,0.12448907020807587,,3
371,new-england-patriots,2015,active,52,96415003.0,0.3058823529411765,0.6822632616611253,12,4,0.75,465,315,150,0.667,0.75,-0.48787904776590985,-0.5563058178557305,,3
372,new-england-patriots,2016,active,53,117616342.0,0.4015151515151515,0.7964545874583633,14,2,0.875,441,250,191,0.833,0.917,0.3471218545260331,0.23324703097477797,,3
373,los-angeles-chargers,2014,active,54,94825621.0,0.3776223776223776,0.7064059481486903,9,7,0.563,348,348,0,0.333,0.5,0.12621684590256008,-0.6201082018472549,,3
374,los-angeles-chargers,2016,active,53,101639984.0,0.3680555555555556,0.653757921598011,5,11,0.313,410,423,-13,0.167,0.333,-0.43356291532899555,-0.666276026888982,,3
375,los-angeles-chargers,2013,active,53,94062621.0,0.4732142857142857,0.7809118855653091,9,7,0.563,396,348,48,0.667,0.5,1.0776310702704062,-0.3794879423333856,,3
376,carolina-panthers,2012,active,53,89824130.0,0.5638297872340425,0.708177393512977,7,9,0.438,357,363,-6,0.5,0.417,1.3750987869379183,-1.0990643127329487,,3
377,las-vegas-raiders,2016,active,53,142746501.0,0.5096153846153846,0.868630648440428,12,4,0.75,416,385,31,0.5,0.75,1.2097660163153652,0.5893906935010507,,3
378,las-vegas-raiders,2015,active,54,94352516.0,0.3776223776223776,0.6883435531082613,7,9,0.438,359,399,-40,0.5,0.583,-0.0938718985258059,-0.5941983191514169,,3
379,las-vegas-raiders,2014,active,55,78110193.0,0.4296875,0.6276812231992592,3,13,0.188,253,452,-199,0.167,0.167,0.057339465575687885,-1.1928175881798329,,3
380,new-orleans-saints,2013,active,55,97150545.0,0.55,0.7847748189945007,11,5,0.688,414,304,110,0.833,0.75,1.4880611636404613,-0.43739125656885425,,3
381,new-orleans-saints,2014,active,54,101345281.0,0.3941605839416058,0.7690943526084562,7,9,0.438,401,424,-23,0.5,0.5,0.4786161049565787,-0.226930111941326,,3
382,new-orleans-saints,2015,active,53,93560943.0,0.3231707317073171,0.6532945477470583,7,9,0.438,408,476,-68,0.5,0.417,-0.5228194834755078,-0.7650210458755401,,3
383,baltimore-ravens,2017,active,53,112215774.0,0.4108527131782946,0.7063327228232735,9,7,0.563,395,303,92,0.5,0.583,-0.13260776667081506,-0.22352535079879993,,3
384,los-angeles-chargers,2017,active,53,127034223.0,0.4380165289256198,0.8058570187188152,9,7,0.563,355,272,83,0.5,0.5,0.4315192770360314,0.39970138173867487,,3
385,los-angeles-rams,2013,active,53,69722934.0,0.5520833333333334,0.5607755144313712,7,9,0.438,348,364,-16,0.167,0.333,0.5427307396414691,-1.908619309230371,,3
386,los-angeles-rams,2014,active,53,91476742.0,0.4380165289256198,0.6981511485586905,6,10,0.375,324,354,-30,0.333,0.333,0.4008333400886662,-0.739710107878689,,3
387,miami-dolphins,2015,active,52,90566641.0,0.3170731707317073,0.6251194514570427,6,10,0.375,310,389,-79,0.167,0.333,-0.6743525814146192,-0.9431813083002136,,3
388,miami-dolphins,2016,active,50,98532410.0,0.4032258064516129,0.6508629152474678,10,6,0.625,363,380,-17,0.667,0.583,-0.26548037174226724,-0.7233859898717953,,3
389,miami-dolphins,2012,active,63,89473120.0,0.5675675675675675,0.7316335413898349,7,9,0.438,288,317,-29,0.333,0.417,1.4943849532575306,-0.9492925255975829,,3
390,miami-dolphins,2018,active,53,123506032.0,0.4380165289256198,0.7253985576726827,7,9,0.438,319,433,-114,0.667,0.5,-0.05487302899766721,0.016422802668793198,,3
391,buffalo-bills,2014,active,53,110273422.0,0.4344262295081967,0.7466805638248522,9,7,0.563,343,289,54,0.667,0.417,0.5895349110663474,-0.4175661402034435,,3
392,buffalo-bills,2013,active,55,93306218.0,0.4435483870967742,0.8102898986709257,6,10,0.375,339,388,-49,0.5,0.417,1.0508164516001282,-0.15467126474750015,,3
393,buffalo-bills,2012,active,54,79492678.0,0.4655172413793103,0.6002473866200598,6,10,0.375,344,435,-91,0.333,0.417,0.41007340135583703,-1.7002894277989862,,3
394,buffalo-bills,2011,active,50,70276772.0,0.5617977528089888,0.6488308704125249,6,10,0.375,372,434,-62,0.167,0.333,1.254384603978372,-1.6304130169120272,,3
395,buffalo-bills,2015,active,53,91749336.0,0.3509933774834437,0.6632058371904122,8,8,0.5,379,359,20,0.667,0.583,-0.337776583487631,-0.7301834914170304,,3
396,buffalo-bills,2016,active,53,112497692.0,0.3375796178343949,0.7384617836611276,7,9,0.438,399,378,21,0.167,0.333,-0.22840518007257923,-0.07775872455024732,,3
397,buffalo-bills,2017,active,52,104955026.0,0.3795620437956204,0.6790221516696964,9,7,0.563,302,359,-57,0.5,0.583,-0.4097024382679122,-0.36870666125466534,,3
398,los-angeles-rams,2016,active,53,109645297.0,0.4173228346456692,0.7326407771336781,4,12,0.25,224,394,-170,0.333,0.25,0.1558675414672052,-0.20237449905850918,,3
399,minnesota-vikings,2014,active,54,88042001.0,0.3829787234042553,0.6771413140191547,7,9,0.438,325,343,-18,0.167,0.5,0.028797048079472604,-0.8178296635009168,,3
400,minnesota-vikings,2015,active,53,118160753.0,0.424,0.8036917470286976,11,5,0.688,365,302,63,0.833,0.667,0.6363657939246732,0.11197241467718089,,3
401,minnesota-vikings,2016,active,53,119127210.0,0.4416666666666666,0.7577975877464982,8,8,0.5,327,307,20,0.333,0.417,0.38812984040714466,-0.06378697080558635,,3
402,minnesota-vikings,2017,active,53,117742794.0,0.4774774774774775,0.7667853779517159,13,3,0.813,382,252,130,0.833,0.833,0.46721469437793395,0.10069677463563742,,3
403,los-angeles-rams,2015,active,53,94007833.0,0.3897058823529412,0.6682060638343772,7,9,0.438,280,330,-50,0.667,0.5,-0.11782428113789438,-0.7393569636815998,,3
404,new-orleans-saints,2016,active,53,86319212.0,0.3868613138686131,0.5900596705339762,7,9,0.438,469,454,15,0.333,0.5,-0.6089426299306318,-1.104389658006919,,3
405,las-vegas-raiders,2013,active,54,56659660.0,0.4655172413793103,0.4662032959882176,4,12,0.25,322,453,-131,0.167,0.333,-0.3050199258004782,-2.434978324002001,,3
406,baltimore-ravens,2016,active,53,115846569.0,0.3955223880597014,0.7674019372209793,8,8,0.5,343,321,22,0.667,0.583,0.19238105210641843,0.049218238154395126,,3
407,baltimore-ravens,2014,active,52,96142927.0,0.3586206896551724,0.7699403350443843,10,6,0.625,409,302,107,0.5,0.5,0.29989199351755186,-0.18285679017891318,,3
408,new-york-jets,2017,active,53,98416921.0,0.3840579710144927,0.6791949293841534,5,11,0.313,298,382,-84,0.333,0.417,-0.38589901805736954,-0.37244720788492,,3
409,new-york-jets,2018,active,52,109047126.0,0.4227642276422764,0.6167961775751695,4,12,0.25,333,441,-108,0.167,0.25,-0.5966338022708964,-0.6792494329982165,,3
410,jacksonville-jaguars,2015,active,53,107546334.0,0.424,0.7900243504750049,5,11,0.313,376,448,-72,0.333,0.417,0.5780339692902782,0.022342709951302327,,3
411,jacksonville-jaguars,2014,active,53,87789968.0,0.363013698630137,0.6795711066417367,3,13,0.188,249,412,-163,0.167,0.167,-0.06326174976028583,-0.7802530819427543,,3
412,jacksonville-jaguars,2013,active,53,66805513.0,0.4015151515151515,0.5558305006968066,4,12,0.25,247,449,-202,0.5,0.333,-0.2508529637420682,-1.7778316016770699,,3
413,jacksonville-jaguars,2012,active,57,94060155.0,0.5533980582524272,0.7262546002451025,2,14,0.125,255,444,-189,0.333,0.167,1.3987322876150754,-0.9692073717913396,,3
414,chicago-bears,2013,active,55,101899959.0,0.5288461538461539,0.8012903295816968,8,8,0.5,445,478,-33,0.333,0.333,1.4500204094090017,-0.30615296283701654,,3
415,philadelphia-eagles,2013,active,53,108049086.0,0.4774774774774775,0.8507950500931575,10,6,0.625,442,382,60,0.667,0.75,1.3977612078641983,0.07417899615903323,,3
416,philadelphia-eagles,2014,active,53,116673474.0,0.4416666666666666,0.8656470849083914,10,6,0.625,474,400,74,0.667,0.5,1.1344251051671357,0.35475821531110485,,3
417,philadelphia-eagles,2015,active,53,123889910.0,0.381294964028777,0.8241460067678874,7,9,0.438,377,430,-53,0.5,0.333,0.5045687002710595,0.2924023188515581,,3
418,philadelphia-eagles,2016,active,52,119020957.0,0.3661971830985915,0.783249582282313,7,9,0.438,367,331,36,0.333,0.417,0.10956734312947018,0.18493451938253408,,3
419,philadelphia-eagles,2017,active,53,130626348.0,0.3925925925925926,0.756960464315134,13,3,0.813,457,295,162,0.833,0.833,-0.010213037431427078,0.12828143894886704,,3
420,chicago-bears,2014,active,54,81640084.0,0.4,0.6211553044615005,5,11,0.313,319,442,-123,0.167,0.333,-0.1228223195956487,-1.20343263755264,,3
421,miami-dolphins,2013,active,53,81123929.0,0.4344262295081967,0.7220362590257949,8,8,0.5,317,335,-18,0.333,0.583,0.6273534099535046,-0.7235431799026137,,3
422,indianapolis-colts,2015,active,52,108214835.0,0.3151515151515151,0.75462477114277,8,8,0.5,333,408,-75,0.667,0.5,-0.13148869621442263,-0.09181258813375895,,3
423,indianapolis-colts,2014,active,52,95599118.0,0.3768115942028985,0.7726678448666833,11,5,0.688,458,369,89,1.0,0.75,0.4048599338325956,-0.18468903470597942,,3
424,indianapolis-colts,2013,active,53,98729480.0,0.4453781512605042,0.7650719009029453,11,5,0.688,391,336,55,1.0,0.75,0.8672155670714674,-0.45319078894019527,,3
425,jacksonville-jaguars,2016,active,52,109679864.0,0.4262295081967213,0.7289673985210224,3,13,0.188,318,400,-82,0.333,0.167,0.18588474078195574,-0.23611910709817543,,3
426,chicago-bears,2015,active,53,89976736.0,0.3680555555555556,0.6358208005148483,6,10,0.375,335,397,-62,0.167,0.25,-0.367118462495948,-0.9282678867013932,,3
427,jacksonville-jaguars,2018,active,53,140722671.0,0.381294964028777,0.7088100490352557,5,11,0.313,245,316,-71,0.167,0.333,-0.41667770334572624,-0.03087684347873185,,3
428,new-york-jets,2013,active,54,80633014.0,0.453781512605042,0.6557652780197712,8,8,0.5,290,387,-97,0.5,0.417,0.4438126965211384,-1.179124258141219,,3
429,carolina-panthers,2013,active,53,72439817.0,0.4491525423728814,0.655376268036181,12,4,0.75,366,241,125,0.833,0.75,0.4184038397903705,-1.1766575262760295,,3
430,carolina-panthers,2014,active,53,88019888.0,0.4076923076923077,0.6598221043279925,7,8,0.469,339,374,-35,0.667,0.5,0.08167061710343294,-0.958197327556938,,3
431,carolina-panthers,2015,active,53,121004274.0,0.4140625,0.8331880573224428,15,1,0.938,500,308,192,0.833,0.917,0.7112711115892045,0.3161791860059795,,3
432,carolina-panthers,2016,active,53,98999535.0,0.3984962406015037,0.7110406092282013,6,10,0.375,369,402,-33,0.167,0.417,-0.03290939872846097,-0.3236185615119392,,3
433,carolina-panthers,2018,active,53,138090418.0,0.452991452991453,0.7487750104479256,7,9,0.438,376,382,-6,0.333,0.417,0.12172431392629926,0.15349083159522198,,3
434,new-york-giants,2013,active,55,94626902.0,0.4621848739495798,0.7320876038068719,7,9,0.438,294,383,-89,0.5,0.5,0.8126657057474115,-0.6877177758357761,,3
435,new-york-giants,2014,active,54,84943487.0,0.4251968503937008,0.6438273355984958,6,10,0.375,380,400,-20,0.333,0.333,0.10321139987465795,-1.0820647729024162,,3
436,new-york-giants,2015,active,53,78694040.0,0.3441558441558441,0.613257231516652,6,10,0.375,420,442,-22,0.333,0.333,-0.5860343975097526,-1.0503305708535555,,3
437,new-york-giants,2016,active,53,127295586.0,0.4274193548387097,0.8217855133996387,11,5,0.688,310,284,26,0.667,0.667,0.5881326360871046,0.3712849429130918,,3
438,new-york-giants,2017,active,54,104596283.0,0.3829787234042553,0.624716817330504,3,13,0.188,246,388,-142,0.167,0.083,-0.6239461114341375,-0.7285404442017064,,3
439,new-york-giants,2018,active,53,117538663.0,0.424,0.6874378607064741,5,11,0.313,369,412,-43,0.167,0.333,-0.2887982870130726,-0.2173264506829687,,3
440,carolina-panthers,2019,active,53,117133265.0,0.424,0.6390034126784552,5,11,0.313,340,470,-130,0.167,0.167,-0.6385135672413358,-0.3905940873121925,,3
441,baltimore-ravens,2013,active,53,103969958.0,0.4818181818181818,0.8377455368135689,8,8,0.5,320,352,-32,0.5,0.5,1.364336134475551,-0.016104025738271525,,3
442,kansas-city-chiefs,2016,active,53,116014324.0,0.3925925925925926,0.7606933992029966,12,4,0.75,389,311,78,1.0,0.75,0.14871822514285396,0.008400090852857502,,3
443,kansas-city-chiefs,2015,active,52,104438587.0,0.4031007751937984,0.7383726387636698,11,5,0.688,405,287,118,0.833,0.833,0.2503649372912301,-0.2937302551279121,,3
444,kansas-city-chiefs,2014,active,53,96516582.0,0.3840579710144927,0.7272307804923607,9,7,0.563,353,281,72,0.5,0.583,0.248113602441349,-0.490516817507655,,3
445,kansas-city-chiefs,2013,active,52,114803016.0,0.4193548387096774,0.8402388171176918,11,5,0.688,430,305,125,0.333,0.583,1.0545139077104522,0.06795730789080645,,3
446,new-york-jets,2014,active,53,93006628.0,0.4453781512605042,0.7858933974905626,4,12,0.25,283,401,-118,0.167,0.333,0.813081497232329,-0.17228342288874288,,3
447,miami-dolphins,2017,active,53,102474406.0,0.4732142857142857,0.5959627033764683,6,10,0.375,281,393,-112,0.333,0.417,-0.2837206646518142,-1.0149234806557152,,3
