,team,season,player_count_active,player_count_inactive,cap_hit_sum_active,cap_hit_sum_inactive,player_count_prop_active,player_count_prop_inactive,cap_hit_prop_active,cap_hit_prop_inactive,w,l,pct,pf,pa,net_pts,div_win_pct,conf_win_pct
0,arizona-cardinals,2011,58,23,111028866.0,7441498.0,0.7160493827160493,0.2839506172839506,0.9371868394022999,0.0628131605977002,8,8,0.5,312,348,-36,0.667,0.583
1,arizona-cardinals,2012,53,30,88769403.0,29028393.0,0.6385542168674698,0.3614457831325301,0.7535743962476174,0.2464256037523826,5,11,0.313,250,357,-107,0.167,0.25
2,arizona-cardinals,2013,52,53,92369539.0,27676606.0,0.49523809523809526,0.5047619047619047,0.7694502726430741,0.23054972735692594,10,6,0.625,379,324,55,0.333,0.5
3,arizona-cardinals,2014,54,86,93308619.0,39920326.0,0.38571428571428573,0.6142857142857143,0.7003629654201645,0.2996370345798355,11,5,0.688,310,299,11,0.5,0.667
4,arizona-cardinals,2015,52,77,120691340.0,24016636.0,0.40310077519379844,0.5968992248062015,0.8340337784836407,0.16596622151635926,13,3,0.813,489,313,176,0.667,0.833
5,arizona-cardinals,2016,53,87,111290277.0,44565588.0,0.37857142857142856,0.6214285714285714,0.7140589608225523,0.2859410391774477,7,8,0.469,418,362,56,0.75,0.542
6,arizona-cardinals,2017,53,82,104474970.0,64876556.0,0.3925925925925926,0.6074074074074074,0.6169118901237418,0.38308810987625824,8,8,0.5,295,361,-66,0.5,0.417
7,arizona-cardinals,2018,53,94,107921249.0,64993828.0,0.36054421768707484,0.6394557823129252,0.6241286235554809,0.37587137644451907,3,13,0.188,225,425,-200,0.333,0.25
8,arizona-cardinals,2019,53,90,118348287.0,73671640.0,0.3706293706293706,0.6293706293706294,0.616333361068302,0.38366663893169795,5,10,0.344,361,442,-81,0.167,0.292
9,arizona-cardinals,2020,53,106,134848837.0,59314128.0,0.3333333333333333,0.6666666666666666,0.6945136885399334,0.30548631146006655,8,8,0.5,410,367,43,0.333,0.5
10,arizona-cardinals,2021,56,101,153976241.0,37151384.0,0.35668789808917195,0.643312101910828,0.8056200196073173,0.19437998039268264,11,6,0.647,449,366,83,0.667,0.583
11,arizona-cardinals,2022,52,129,98153785.0,106671879.0,0.287292817679558,0.712707182320442,0.4792064777585684,0.5207935222414316,4,13,0.235,340,449,-109,0.167,0.25
12,arizona-cardinals,2023,53,130,107322872.0,110800904.0,0.2896174863387978,0.7103825136612022,0.49202738907289045,0.5079726109271095,4,13,0.235,330,455,-125,0.0,0.25
13,arizona-cardinals,2024,53,108,164898640.0,92489208.0,0.32919254658385094,0.6708074534161491,0.6406621030531325,0.3593378969468675,8,9,0.471,400,379,21,0.5,0.333
14,atlanta-falcons,2011,53,18,116684491.0,9329887.0,0.7464788732394366,0.2535211267605634,0.9259617263674468,0.07403827363255326,10,6,0.625,402,350,52,0.5,0.583
15,atlanta-falcons,2012,53,40,103035944.0,24412012.0,0.5698924731182796,0.43010752688172044,0.808455052821718,0.19154494717828194,13,3,0.813,419,299,120,0.5,0.75
16,atlanta-falcons,2013,53,63,89778071.0,32436154.0,0.45689655172413796,0.5431034482758621,0.7345959195830108,0.2654040804169891,4,12,0.25,353,443,-90,0.167,0.25
17,atlanta-falcons,2014,54,73,103552592.0,29456903.0,0.4251968503937008,0.5748031496062992,0.7785353368945578,0.22146466310544222,6,10,0.375,381,417,-36,0.833,0.5
18,atlanta-falcons,2015,53,92,99720594.0,36515471.0,0.36551724137931035,0.6344827586206897,0.7319691302005823,0.26803086979941765,8,8,0.5,339,345,-6,0.167,0.417
19,atlanta-falcons,2016,52,90,112615074.0,41205829.0,0.36619718309859156,0.6338028169014085,0.7321181439170201,0.2678818560829798,11,5,0.688,540,406,134,0.833,0.75
20,atlanta-falcons,2017,53,51,147393869.0,18919918.0,0.5096153846153846,0.49038461538461536,0.8862396296706297,0.11376037032937023,10,6,0.625,353,315,38,0.667,0.75
21,atlanta-falcons,2018,53,57,141338061.0,32316805.0,0.4818181818181818,0.5181818181818182,0.813902105110029,0.186097894889971,7,9,0.438,414,423,-9,0.667,0.583
22,atlanta-falcons,2019,52,89,132338075.0,51908844.0,0.36879432624113473,0.6312056737588653,0.7182647922595655,0.2817352077404345,7,9,0.438,381,399,-18,0.667,0.5
23,atlanta-falcons,2020,54,83,166160239.0,33175751.0,0.39416058394160586,0.6058394160583942,0.833568684711677,0.166431315288323,4,12,0.25,396,414,-18,0.167,0.167
24,atlanta-falcons,2021,55,92,141096481.0,44403310.0,0.3741496598639456,0.6258503401360545,0.7606287869079055,0.23937121309209453,7,10,0.412,313,459,-146,0.333,0.333
25,atlanta-falcons,2022,53,112,94499866.0,107217621.0,0.3212121212121212,0.6787878787878788,0.4684763200525099,0.5315236799474902,7,10,0.412,365,386,-21,0.333,0.5
26,atlanta-falcons,2023,54,99,163895473.0,58743957.0,0.35294117647058826,0.6470588235294118,0.7361475593069925,0.2638524406930075,7,10,0.412,321,373,-52,0.5,0.333
27,atlanta-falcons,2024,53,94,219836480.0,33296945.0,0.36054421768707484,0.6394557823129252,0.8684608917214311,0.1315391082785689,8,9,0.471,389,423,-34,0.667,0.583
28,baltimore-ravens,2011,53,23,106996060.0,13456129.0,0.6973684210526315,0.3026315789473684,0.8882865549251246,0.11171344507487531,12,4,0.75,378,266,112,1.0,0.75
29,baltimore-ravens,2012,56,47,101262723.0,28588475.0,0.5436893203883495,0.4563106796116505,0.7798366480993113,0.22016335190068867,10,6,0.625,398,344,54,0.667,0.667
30,baltimore-ravens,2013,53,57,103969958.0,20136890.0,0.4818181818181818,0.5181818181818182,0.8377455368135689,0.1622544631864311,8,8,0.5,320,352,-32,0.5,0.5
31,baltimore-ravens,2014,52,93,96142927.0,28727693.0,0.3586206896551724,0.6413793103448275,0.7699403350443843,0.23005966495561567,10,6,0.625,409,302,107,0.5,0.5
32,baltimore-ravens,2015,52,117,65521036.0,75696014.0,0.3076923076923077,0.6923076923076923,0.46397397481394775,0.5360260251860522,5,11,0.313,328,401,-73,0.5,0.333
33,baltimore-ravens,2016,53,81,115846569.0,35112874.0,0.39552238805970147,0.6044776119402985,0.7674019372209793,0.23259806277902073,8,8,0.5,343,321,22,0.667,0.583
34,baltimore-ravens,2017,53,76,112215774.0,46655209.0,0.4108527131782946,0.5891472868217055,0.7063327228232735,0.29366727717672647,9,7,0.563,395,303,92,0.5,0.583
35,baltimore-ravens,2018,53,62,150160923.0,20370707.0,0.4608695652173913,0.5391304347826087,0.8805458729269169,0.11945412707308316,10,6,0.625,389,287,102,0.5,0.667
36,baltimore-ravens,2019,53,76,139521776.0,50506751.0,0.4108527131782946,0.5891472868217055,0.7342149002712629,0.26578509972873704,14,2,0.875,531,282,249,0.833,0.833
37,baltimore-ravens,2020,53,110,135700177.0,55289068.0,0.32515337423312884,0.6748466257668712,0.7105121390474107,0.2894878609525892,11,5,0.688,468,303,165,0.667,0.583
38,baltimore-ravens,2021,56,109,113199729.0,69582228.0,0.3393939393939394,0.6606060606060606,0.6193156636352242,0.3806843363647759,8,9,0.471,387,392,-5,0.167,0.417
39,baltimore-ravens,2022,53,107,160177579.0,44439941.0,0.33125,0.66875,0.7828145849876393,0.21718541501236063,10,7,0.588,350,315,35,0.5,0.5
40,baltimore-ravens,2023,53,101,175622212.0,46939959.0,0.34415584415584416,0.6558441558441559,0.7890928238653818,0.21090717613461812,13,4,0.765,483,280,203,0.5,0.667
41,baltimore-ravens,2024,54,100,219432580.0,32437030.0,0.35064935064935066,0.6493506493506493,0.8712149909629828,0.1287850090370172,12,5,0.706,518,361,157,0.667,0.667
42,buffalo-bills,2011,50,39,70276772.0,38036157.0,0.5617977528089888,0.43820224719101125,0.6488308704125249,0.3511691295874752,6,10,0.375,372,434,-62,0.167,0.333
43,buffalo-bills,2012,54,62,79492678.0,52940515.0,0.46551724137931033,0.5344827586206896,0.6002473866200598,0.39975261337994017,6,10,0.375,344,435,-91,0.333,0.417
44,buffalo-bills,2013,55,69,93306218.0,21845431.0,0.4435483870967742,0.5564516129032258,0.8102898986709257,0.18971010132907432,6,10,0.375,339,388,-49,0.5,0.417
45,buffalo-bills,2014,53,69,110273422.0,37411448.0,0.4344262295081967,0.5655737704918032,0.7466805638248522,0.2533194361751478,9,7,0.563,343,289,54,0.667,0.417
46,buffalo-bills,2015,53,98,91749336.0,46592836.0,0.3509933774834437,0.6490066225165563,0.6632058371904122,0.3367941628095878,8,8,0.5,379,359,20,0.667,0.583
47,buffalo-bills,2016,53,104,112497692.0,39842882.0,0.3375796178343949,0.6624203821656051,0.7384617836611276,0.2615382163388724,7,9,0.438,399,378,21,0.167,0.333
48,buffalo-bills,2017,52,85,104955026.0,49612871.0,0.3795620437956204,0.6204379562043796,0.6790221516696964,0.3209778483303037,9,7,0.563,302,359,-57,0.5,0.583
49,buffalo-bills,2018,53,79,104008378.0,75588198.0,0.4015151515151515,0.5984848484848485,0.5791222768077716,0.4208777231922283,6,10,0.375,269,374,-105,0.333,0.333
50,buffalo-bills,2019,53,63,152820449.0,21984538.0,0.45689655172413796,0.5431034482758621,0.8742339198823887,0.12576608011761128,10,6,0.625,314,259,55,0.5,0.583
51,buffalo-bills,2020,52,91,200165512.0,18063182.0,0.36363636363636365,0.6363636363636364,0.917228199147817,0.08277180085218308,13,3,0.813,501,375,126,1.0,0.833
52,buffalo-bills,2021,55,99,165564312.0,23773167.0,0.35714285714285715,0.6428571428571429,0.8744402475116931,0.12555975248830686,11,6,0.647,483,289,194,0.833,0.583
53,buffalo-bills,2022,53,95,163264230.0,43427230.0,0.3581081081081081,0.6418918918918919,0.7898934479440999,0.21010655205590012,13,3,0.813,455,286,169,0.667,0.818
54,buffalo-bills,2023,53,88,182016009.0,46621467.0,0.375886524822695,0.624113475177305,0.7960900031979009,0.20390999680209906,11,6,0.647,451,311,140,0.667,0.583
55,buffalo-bills,2024,53,112,175108383.0,80958862.0,0.3212121212121212,0.6787878787878788,0.6838374935458847,0.3161625064541152,13,4,0.765,525,368,157,0.833,0.75
56,carolina-panthers,2011,65,17,118717431.0,5115553.0,0.7926829268292683,0.2073170731707317,0.9586898996151139,0.041310100384886146,6,10,0.375,406,429,-23,0.333,0.25
57,carolina-panthers,2012,53,41,89824130.0,37014330.0,0.5638297872340425,0.43617021276595747,0.708177393512977,0.29182260648702296,7,9,0.438,357,363,-6,0.5,0.417
58,carolina-panthers,2013,53,65,72439817.0,38091828.0,0.4491525423728814,0.5508474576271186,0.655376268036181,0.34462373196381907,12,4,0.75,366,241,125,0.833,0.75
59,carolina-panthers,2014,53,77,88019888.0,45379535.0,0.4076923076923077,0.5923076923076923,0.6598221043279925,0.3401778956720075,7,8,0.469,339,374,-35,0.667,0.5
60,carolina-panthers,2015,53,75,121004274.0,24226173.0,0.4140625,0.5859375,0.8331880573224428,0.16681194267755714,15,1,0.938,500,308,192,0.833,0.917
61,carolina-panthers,2016,53,80,98999535.0,40232365.0,0.39849624060150374,0.6015037593984962,0.7110406092282013,0.2889593907717987,6,10,0.375,369,402,-33,0.167,0.417
62,carolina-panthers,2017,51,70,144363005.0,31085306.0,0.4214876033057851,0.5785123966942148,0.8228235665374972,0.1771764334625028,11,5,0.688,363,327,36,0.5,0.583
63,carolina-panthers,2018,53,64,138090418.0,46331359.0,0.452991452991453,0.5470085470085471,0.7487750104479256,0.25122498955207445,7,9,0.438,376,382,-6,0.333,0.417
64,carolina-panthers,2019,53,72,117133265.0,66172900.0,0.424,0.576,0.6390034126784552,0.3609965873215448,5,11,0.313,340,470,-130,0.167,0.167
65,carolina-panthers,2020,53,108,119293249.0,84746051.0,0.32919254658385094,0.6708074534161491,0.5846581957495444,0.4153418042504557,5,11,0.313,350,402,-52,0.167,0.333
66,carolina-panthers,2021,56,106,96749377.0,85022554.0,0.345679012345679,0.654320987654321,0.5322569687615851,0.46774303123841493,5,12,0.294,304,404,-100,0.333,0.25
67,carolina-panthers,2022,53,95,128149331.0,74099720.0,0.3581081081081081,0.6418918918918919,0.6336214205524258,0.3663785794475743,7,10,0.412,347,374,-27,0.667,0.5
68,carolina-panthers,2023,53,122,136455085.0,96316857.0,0.3028571428571429,0.6971428571428572,0.5862179256982786,0.4137820743017215,2,15,0.118,236,416,-180,0.167,0.083
69,carolina-panthers,2024,52,164,147641087.0,113722705.0,0.24074074074074073,0.7592592592592593,0.5648873008392838,0.4351126991607162,5,12,0.294,341,534,-193,0.333,0.333
70,chicago-bears,2011,58,13,100736630.0,7020013.0,0.8169014084507042,0.18309859154929578,0.9348530837212514,0.06514691627874859,8,8,0.5,353,341,12,0.5,0.583
71,chicago-bears,2012,58,31,110878054.0,18043110.0,0.651685393258427,0.34831460674157305,0.8600453995280403,0.13995460047195973,10,6,0.625,375,277,98,0.5,0.583
72,chicago-bears,2013,55,49,101899959.0,25269876.0,0.5288461538461539,0.47115384615384615,0.8012903295816968,0.1987096704183032,8,8,0.5,445,478,-33,0.333,0.333
73,chicago-bears,2014,54,81,81640084.0,49792560.0,0.4,0.6,0.6211553044615005,0.37884469553849953,5,11,0.313,319,442,-123,0.167,0.333
74,chicago-bears,2015,53,91,89976736.0,51535992.0,0.3680555555555556,0.6319444444444444,0.6358208005148483,0.3641791994851516,6,10,0.375,335,397,-62,0.167,0.25
75,chicago-bears,2016,53,106,73471561.0,74851992.0,0.3333333333333333,0.6666666666666666,0.4953465549736393,0.5046534450263607,3,13,0.188,279,399,-120,0.333,0.25
76,chicago-bears,2017,53,87,110629152.0,57093149.0,0.37857142857142856,0.6214285714285714,0.6595971516035902,0.3404028483964097,5,11,0.313,264,320,-56,0.0,0.083
77,chicago-bears,2018,53,44,151948529.0,27513259.0,0.5463917525773195,0.4536082474226804,0.846690154452267,0.15330984554773297,12,4,0.75,421,283,138,0.833,0.833
78,chicago-bears,2019,53,73,140944391.0,41917585.0,0.42063492063492064,0.5793650793650794,0.7707692658860911,0.22923073411390896,8,8,0.5,280,298,-18,0.667,0.583
79,chicago-bears,2020,53,97,163818846.0,40894308.0,0.35333333333333333,0.6466666666666666,0.8002360512700615,0.19976394872993847,8,8,0.5,372,370,2,0.333,0.5
80,chicago-bears,2021,53,90,128620134.0,60129250.0,0.3706293706293706,0.6293706293706294,0.6814333974197235,0.3185666025802765,6,11,0.353,311,407,-96,0.333,0.333
81,chicago-bears,2022,53,105,78766986.0,125929919.0,0.33544303797468356,0.6645569620253164,0.38479812872598146,0.6152018712740185,3,14,0.176,326,463,-137,0.0,0.083
82,chicago-bears,2023,52,91,171087200.0,56424844.0,0.36363636363636365,0.6363636363636364,0.7519918374079572,0.2480081625920428,7,10,0.412,360,379,-19,0.333,0.5
83,chicago-bears,2024,53,87,204948258.0,49771111.0,0.37857142857142856,0.6214285714285714,0.8046041367195755,0.1953958632804245,5,12,0.294,310,370,-60,0.167,0.25
84,cincinnati-bengals,2011,56,25,100359460.0,8180245.0,0.691358024691358,0.30864197530864196,0.9246336167948862,0.07536638320511374,9,7,0.563,344,323,21,0.333,0.5
85,cincinnati-bengals,2012,54,34,90753643.0,26638635.0,0.6136363636363636,0.38636363636363635,0.7730801765342692,0.22691982346573086,10,6,0.625,391,320,71,0.5,0.583
86,cincinnati-bengals,2013,52,57,92938874.0,34127371.0,0.47706422018348627,0.5229357798165137,0.7314206381088857,0.26857936189111437,11,5,0.688,430,305,125,0.5,0.667
87,cincinnati-bengals,2014,55,67,115809145.0,15832957.0,0.45081967213114754,0.5491803278688525,0.8797272547349632,0.12027274526503687,10,5,0.656,365,344,21,0.5,0.583
88,cincinnati-bengals,2015,53,55,134100760.0,9812751.0,0.49074074074074076,0.5092592592592593,0.9318149426567739,0.0681850573432261,12,4,0.75,419,279,140,0.833,0.75
89,cincinnati-bengals,2016,53,53,121320842.0,35075404.0,0.5,0.5,0.7757273278797242,0.22427267212027582,6,9,0.406,325,315,10,0.5,0.417
90,cincinnati-bengals,2017,52,56,128091070.0,33600493.0,0.48148148148148145,0.5185185185185185,0.7921939006799013,0.20780609932009872,7,9,0.438,290,349,-59,0.5,0.5
91,cincinnati-bengals,2018,53,59,112195970.0,68130795.0,0.4732142857142857,0.5267857142857143,0.6221814604171488,0.37781853958285117,6,10,0.375,368,455,-87,0.167,0.333
92,cincinnati-bengals,2019,52,76,132358691.0,52596260.0,0.40625,0.59375,0.7156266446741402,0.2843733553258599,2,14,0.125,279,420,-141,0.167,0.167
93,cincinnati-bengals,2020,54,91,115462613.0,82174741.0,0.3724137931034483,0.6275862068965518,0.5842145255597786,0.41578547444022146,4,11,0.281,311,424,-113,0.167,0.333
94,cincinnati-bengals,2021,61,82,154339838.0,36946749.0,0.42657342657342656,0.5734265734265734,0.8068513345371152,0.19314866546288476,10,7,0.588,460,376,84,0.667,0.667
95,cincinnati-bengals,2022,54,71,175096752.0,35103316.0,0.432,0.568,0.8330004536440017,0.1669995463559983,12,4,0.75,418,322,96,0.5,0.727
96,cincinnati-bengals,2023,53,69,170878346.0,44963649.0,0.4344262295081967,0.5655737704918032,0.7916825731711755,0.20831742682882448,9,8,0.529,366,384,-18,0.167,0.333
97,cincinnati-bengals,2024,52,92,185741962.0,73579864.0,0.3611111111111111,0.6388888888888888,0.716260427689569,0.28373957231043095,9,8,0.529,472,434,38,0.5,0.5
98,cleveland-browns,2011,47,14,95915724.0,7923796.0,0.7704918032786885,0.22950819672131148,0.9236919045850751,0.07630809541492488,4,12,0.25,218,307,-89,0.0,0.25
99,cleveland-browns,2012,61,30,103841976.0,23508669.0,0.6703296703296703,0.32967032967032966,0.8154020421333555,0.18459795786664449,5,11,0.313,302,368,-66,0.333,0.417
100,cleveland-browns,2013,52,59,80881583.0,29185175.0,0.46846846846846846,0.5315315315315315,0.7348411497683979,0.2651588502316022,4,12,0.25,308,406,-98,0.333,0.25
101,cleveland-browns,2014,55,80,97109089.0,38292125.0,0.4074074074074074,0.5925925925925926,0.7171951131841403,0.2828048868158597,7,9,0.438,299,337,-38,0.333,0.333
102,cleveland-browns,2015,53,72,102057621.0,37589939.0,0.424,0.576,0.730822801343611,0.269177198656389,3,13,0.188,278,432,-154,0.167,0.167
103,cleveland-browns,2016,55,83,81775809.0,48446332.0,0.39855072463768115,0.6014492753623188,0.6279716212007296,0.3720283787992704,1,15,0.063,264,452,-188,0.0,0.083
104,cleveland-browns,2017,53,86,77946523.0,78717529.0,0.381294964028777,0.6187050359712231,0.49753930148570397,0.5024606985142961,0,16,0.0,234,410,-176,0.0,0.0
105,cleveland-browns,2018,53,79,142452164.0,39496000.0,0.4015151515151515,0.5984848484848485,0.7829271857890251,0.21707281421097493,7,8,0.469,359,392,-33,0.583,0.458
106,cleveland-browns,2019,53,84,156151812.0,56602047.0,0.38686131386861317,0.6131386861313869,0.7339552510772555,0.26604474892274455,6,10,0.375,335,393,-58,0.5,0.5
107,cleveland-browns,2020,52,112,143629461.0,55472311.0,0.3170731707317073,0.6829268292682927,0.7213871557104976,0.27861284428950234,11,5,0.688,408,419,-11,0.5,0.583
108,cleveland-browns,2021,56,102,126473899.0,76169774.0,0.35443037974683544,0.6455696202531646,0.6241196536148454,0.3758803463851546,8,9,0.471,349,371,-22,0.5,0.417
109,cleveland-browns,2022,53,100,132199512.0,54314471.0,0.3464052287581699,0.6535947712418301,0.708791426109859,0.291208573890141,7,10,0.412,361,381,-20,0.5,0.333
110,cleveland-browns,2023,53,101,136190604.0,85704921.0,0.34415584415584416,0.6558441558441559,0.6137600296355683,0.38623997036443164,11,6,0.647,396,362,34,0.5,0.667
111,cleveland-browns,2024,52,134,129961235.0,118173810.0,0.27956989247311825,0.7204301075268817,0.523752035912541,0.4762479640874589,3,14,0.176,258,435,-177,0.333,0.25
112,dallas-cowboys,2011,56,20,92371660.0,14011007.0,0.7368421052631579,0.2631578947368421,0.8682961482813737,0.1317038517186263,8,8,0.5,369,347,22,0.333,0.5
113,dallas-cowboys,2012,58,53,96795939.0,34781860.0,0.5225225225225225,0.4774774774774775,0.7356555569074384,0.26434444309256155,8,8,0.5,376,400,-24,0.5,0.417
114,dallas-cowboys,2013,54,86,72038158.0,44201931.0,0.38571428571428573,0.6142857142857143,0.6197359157218126,0.38026408427818736,8,8,0.5,439,432,7,0.833,0.583
115,dallas-cowboys,2014,51,92,87696782.0,42530594.0,0.35664335664335667,0.6433566433566433,0.6734128007002153,0.3265871992997847,12,4,0.75,467,352,115,0.667,0.667
116,dallas-cowboys,2015,52,114,80128732.0,57687766.0,0.3132530120481928,0.6867469879518072,0.5814161088319049,0.41858389116809513,4,12,0.25,275,374,-99,0.5,0.25
117,dallas-cowboys,2016,51,75,139363235.0,13373688.0,0.40476190476190477,0.5952380952380952,0.9124397183253457,0.0875602816746544,13,3,0.813,421,306,115,0.5,0.75
118,dallas-cowboys,2017,54,60,114468318.0,45339933.0,0.47368421052631576,0.5263157894736842,0.7162854063148466,0.28371459368515334,9,7,0.563,354,332,22,0.833,0.583
119,dallas-cowboys,2018,52,62,121164619.0,52827431.0,0.45614035087719296,0.543859649122807,0.6963802024287892,0.3036197975712109,10,6,0.625,339,324,15,0.833,0.75
120,dallas-cowboys,2019,52,65,148849800.0,33517708.0,0.4444444444444444,0.5555555555555556,0.8162078959811196,0.18379210401888038,8,8,0.5,434,321,113,0.833,0.583
121,dallas-cowboys,2020,52,100,108629975.0,82652526.0,0.34210526315789475,0.6578947368421053,0.5679033598583072,0.43209664014169286,6,10,0.375,395,473,-78,0.333,0.417
122,dallas-cowboys,2021,58,83,167631750.0,37695281.0,0.41134751773049644,0.5886524822695035,0.8164134511836388,0.18358654881636116,12,5,0.706,530,358,172,1.0,0.833
123,dallas-cowboys,2022,53,108,161682742.0,53656026.0,0.32919254658385094,0.6708074534161491,0.7508296973260291,0.24917030267397092,12,5,0.706,467,342,125,0.667,0.667
124,dallas-cowboys,2023,53,92,185500694.0,36601189.0,0.36551724137931035,0.6344827586206897,0.835205408861842,0.16479459113815798,12,5,0.706,509,315,194,0.833,0.75
125,dallas-cowboys,2024,53,98,97500830.0,142914167.0,0.3509933774834437,0.6490066225165563,0.40555219606370896,0.594447803936291,7,10,0.412,350,468,-118,0.5,0.417
126,denver-broncos,2011,58,19,96117160.0,13039594.0,0.7532467532467533,0.24675324675324675,0.8805424902979434,0.11945750970205656,8,8,0.5,309,390,-81,0.5,0.5
127,denver-broncos,2012,56,37,115818873.0,17130071.0,0.6021505376344086,0.3978494623655914,0.8711530119411854,0.1288469880588145,13,3,0.813,481,289,192,1.0,0.833
128,denver-broncos,2013,53,49,96535491.0,36666759.0,0.5196078431372549,0.4803921568627451,0.7247286813848866,0.2752713186151135,13,3,0.813,606,399,207,0.833,0.75
129,denver-broncos,2014,52,71,120462699.0,14677827.0,0.42276422764227645,0.5772357723577236,0.8913884129768742,0.10861158702312584,12,4,0.75,482,354,128,1.0,0.833
130,denver-broncos,2015,53,65,134668943.0,10429956.0,0.4491525423728814,0.5508474576271186,0.9281182967487576,0.07188170325124245,12,4,0.75,355,296,59,0.667,0.667
131,denver-broncos,2016,53,72,112742090.0,34471038.0,0.424,0.576,0.7658426359909967,0.23415736400900333,9,7,0.563,333,297,36,0.333,0.5
132,denver-broncos,2017,53,73,121736835.0,34667274.0,0.42063492063492064,0.5793650793650794,0.7783480611752982,0.22165193882470186,5,11,0.313,289,382,-93,0.333,0.333
133,denver-broncos,2018,53,85,114730854.0,66889142.0,0.38405797101449274,0.6159420289855072,0.6317082729150594,0.36829172708494057,6,10,0.375,329,349,-20,0.333,0.333
134,denver-broncos,2019,52,86,105297174.0,76932411.0,0.37681159420289856,0.6231884057971014,0.5778269977402407,0.4221730022597593,7,9,0.438,282,316,-34,0.5,0.5
135,denver-broncos,2020,53,93,102374592.0,93405549.0,0.363013698630137,0.636986301369863,0.5229059059672452,0.4770940940327548,5,11,0.313,323,446,-123,0.167,0.333
136,denver-broncos,2021,55,98,107269390.0,81074456.0,0.35947712418300654,0.6405228758169934,0.5695401908698413,0.4304598091301587,7,10,0.412,335,322,13,0.167,0.25
137,denver-broncos,2022,53,122,108893408.0,102562977.0,0.3028571428571429,0.6971428571428572,0.514968644716025,0.485031355283975,5,12,0.294,287,359,-72,0.167,0.25
138,denver-broncos,2023,53,94,173358141.0,58415972.0,0.36054421768707484,0.6394557823129252,0.747961619855277,0.2520383801447231,8,9,0.471,357,413,-56,0.5,0.417
139,denver-broncos,2024,52,96,150535729.0,101603764.0,0.35135135135135137,0.6486486486486487,0.5970335198540277,0.4029664801459722,10,7,0.588,425,311,114,0.5,0.5
140,detroit-lions,2011,61,7,122665700.0,1663426.0,0.8970588235294118,0.10294117647058823,0.98662078586477,0.013379214135230067,10,6,0.625,474,387,87,0.5,0.5
141,detroit-lions,2012,58,38,112681183.0,20019466.0,0.6041666666666666,0.3958333333333333,0.8491381455112552,0.1508618544887448,4,12,0.25,372,437,-65,0.0,0.25
142,detroit-lions,2013,52,65,91836977.0,27932283.0,0.4444444444444444,0.5555555555555556,0.7667825366876275,0.23321746331237247,7,9,0.438,395,376,19,0.667,0.5
143,detroit-lions,2014,54,68,112293516.0,20098262.0,0.4426229508196721,0.5573770491803278,0.8481910107740981,0.15180898922590194,11,5,0.688,321,282,39,0.833,0.75
144,detroit-lions,2015,53,76,107062153.0,36153641.0,0.4108527131782946,0.5891472868217055,0.7475582825732195,0.25244171742678045,7,9,0.438,358,400,-42,0.5,0.5
145,detroit-lions,2016,53,83,116112911.0,33605758.0,0.3897058823529412,0.6102941176470589,0.775540630808039,0.22445936919196097,9,7,0.563,346,358,-12,0.5,0.583
146,detroit-lions,2017,52,96,130190524.0,30890495.0,0.35135135135135137,0.6486486486486487,0.8082300745812888,0.19176992541871118,9,7,0.563,410,376,34,0.833,0.667
147,detroit-lions,2018,53,86,109575685.0,65920881.0,0.381294964028777,0.6187050359712231,0.6243750946101133,0.3756249053898867,6,10,0.375,324,360,-36,0.333,0.333
148,detroit-lions,2019,53,86,93511403.0,83116096.0,0.381294964028777,0.6187050359712231,0.529427204310921,0.47057279568907895,3,12,0.219,341,423,-82,0.0,0.208
149,detroit-lions,2020,52,100,136316057.0,64958058.0,0.34210526315789475,0.6578947368421053,0.6772657129805291,0.32273428701947093,5,11,0.313,377,519,-142,0.167,0.333
150,detroit-lions,2021,56,112,76519893.0,120072652.0,0.3333333333333333,0.6666666666666666,0.3892308988624162,0.6107691011375839,3,13,0.206,325,467,-142,0.333,0.25
151,detroit-lions,2022,53,107,157043784.0,57380091.0,0.33125,0.66875,0.7323987778879567,0.26760122211204324,9,8,0.529,453,427,26,0.833,0.583
152,detroit-lions,2023,52,106,173331167.0,50077585.0,0.3291139240506329,0.6708860759493671,0.7758477026898212,0.2241522973101788,12,5,0.706,461,395,66,0.667,0.667
153,detroit-lions,2024,52,130,151659744.0,82775095.0,0.2857142857142857,0.7142857142857143,0.6469164081879486,0.35308359181205146,15,2,0.882,564,342,222,1.0,0.917
154,green-bay-packers,2011,59,16,112438083.0,3286176.0,0.7866666666666666,0.21333333333333335,0.9716033956199279,0.028396604380072115,15,1,0.938,560,359,201,1.0,1.0
155,green-bay-packers,2012,56,39,103558073.0,16152403.0,0.5894736842105263,0.4105263157894737,0.8650710987065159,0.13492890129348412,11,5,0.688,433,336,97,0.833,0.667
156,green-bay-packers,2013,52,54,100707865.0,19973988.0,0.49056603773584906,0.5094339622641509,0.8344905426667587,0.16550945733324132,8,7,0.531,417,428,-11,0.583,0.542
157,green-bay-packers,2014,54,61,123610693.0,10426549.0,0.46956521739130436,0.5304347826086957,0.9222115522191959,0.07778844778080408,12,4,0.75,486,348,138,0.833,0.75
158,green-bay-packers,2015,52,63,125157906.0,16698131.0,0.45217391304347826,0.5478260869565217,0.8822881891166888,0.11771181088331123,10,6,0.625,368,323,45,0.5,0.583
159,green-bay-packers,2016,51,74,134428984.0,19778041.0,0.408,0.592,0.8717435797753053,0.1282564202246947,10,6,0.625,432,388,44,0.833,0.667
160,green-bay-packers,2017,53,73,115603840.0,52887563.0,0.42063492063492064,0.5793650793650794,0.6861112077035765,0.3138887922964236,7,9,0.438,320,384,-64,0.333,0.417
161,green-bay-packers,2018,53,81,124176442.0,51589926.0,0.39552238805970147,0.6044776119402985,0.7064857936872201,0.2935142063127799,6,9,0.406,376,400,-24,0.25,0.292
162,green-bay-packers,2019,53,58,163872581.0,27884016.0,0.4774774774774775,0.5225225225225225,0.8545864057026419,0.14541359429735812,13,3,0.813,376,313,63,1.0,0.833
163,green-bay-packers,2020,52,100,165749106.0,34127689.0,0.34210526315789475,0.6578947368421053,0.8292563726569661,0.170743627343034,13,3,0.813,509,369,140,0.833,0.833
164,green-bay-packers,2021,58,87,162492766.0,18825064.0,0.4,0.6,0.8961764322901945,0.10382356770980548,13,4,0.765,450,371,79,0.667,0.75
165,green-bay-packers,2022,53,88,162533410.0,49314247.0,0.375886524822695,0.624113475177305,0.7672183506848981,0.23278164931510192,8,9,0.471,370,371,-1,0.5,0.5
166,green-bay-packers,2023,53,89,120689913.0,97355803.0,0.3732394366197183,0.6267605633802817,0.5535073800762038,0.4464926199237962,9,8,0.529,383,350,33,0.667,0.583
167,green-bay-packers,2024,52,86,154542400.0,97044578.0,0.37681159420289856,0.6231884057971014,0.6142702664046468,0.38572973359535323,11,6,0.647,460,338,122,0.167,0.5
168,houston-texans,2011,56,18,112360071.0,8438132.0,0.7567567567567568,0.24324324324324326,0.9301468747842218,0.06985312521577824,10,6,0.625,381,278,103,0.667,0.667
169,houston-texans,2012,58,33,99812333.0,25468677.0,0.6373626373626373,0.3626373626373626,0.7967076015750512,0.20329239842494884,12,4,0.75,416,331,85,0.833,0.833
170,houston-texans,2013,53,60,77438733.0,46388080.0,0.4690265486725664,0.5309734513274337,0.6253793594768525,0.3746206405231474,2,14,0.125,276,428,-152,0.167,0.167
171,houston-texans,2014,53,86,97907252.0,34136160.0,0.381294964028777,0.6187050359712231,0.7414777497570268,0.2585222502429731,9,7,0.563,372,307,65,0.667,0.667
172,houston-texans,2015,52,90,102642525.0,39760591.0,0.36619718309859156,0.6338028169014085,0.7207884762858701,0.27921152371412994,9,7,0.563,339,313,26,0.833,0.583
173,houston-texans,2016,53,74,115226229.0,36834739.0,0.41732283464566927,0.5826771653543307,0.7577633531834416,0.2422366468165585,9,7,0.563,279,328,-49,0.833,0.583
174,houston-texans,2017,53,100,99775402.0,60053002.0,0.3464052287581699,0.6535947712418301,0.6242657719337547,0.37573422806624535,4,12,0.25,338,436,-98,0.167,0.25
175,houston-texans,2018,53,87,140536221.0,31552504.0,0.37857142857142856,0.6214285714285714,0.816649789229364,0.1833502107706359,11,5,0.688,402,316,86,0.667,0.75
176,houston-texans,2019,53,93,145821737.0,52284819.0,0.363013698630137,0.636986301369863,0.7360772906475644,0.26392270935243556,10,6,0.625,378,385,-7,0.667,0.667
177,houston-texans,2020,55,100,141313765.0,69467596.0,0.3548387096774194,0.6451612903225806,0.6704281836381158,0.3295718163618841,4,12,0.25,384,464,-80,0.333,0.25
178,houston-texans,2021,56,112,115736939.0,71088595.0,0.3333333333333333,0.6666666666666666,0.6194920818478699,0.3805079181521301,4,13,0.235,280,452,-172,0.5,0.333
179,houston-texans,2022,52,105,113791851.0,98874792.0,0.33121019108280253,0.6687898089171974,0.5350714592320903,0.4649285407679097,3,13,0.206,289,420,-131,0.583,0.292
180,houston-texans,2023,53,128,142196787.0,84781756.0,0.292817679558011,0.7071823204419889,0.6264767811114199,0.37352321888858014,10,7,0.588,377,353,24,0.667,0.583
181,houston-texans,2024,53,113,180926822.0,72679779.0,0.3192771084337349,0.6807228915662651,0.7134152710796356,0.28658472892036435,10,7,0.588,372,372,0,0.833,0.667
182,indianapolis-colts,2011,59,16,117123832.0,6560306.0,0.7866666666666666,0.21333333333333335,0.9469591969828823,0.05304080301711769,2,14,0.125,243,430,-187,0.333,0.167
183,indianapolis-colts,2012,54,41,75488533.0,46106865.0,0.5684210526315789,0.43157894736842106,0.6208173519856401,0.3791826480143599,11,5,0.688,357,387,-30,0.667,0.667
184,indianapolis-colts,2013,53,66,98729480.0,30316535.0,0.44537815126050423,0.5546218487394958,0.7650719009029453,0.23492809909705464,11,5,0.688,391,336,55,1.0,0.75
185,indianapolis-colts,2014,52,86,95599118.0,28126903.0,0.37681159420289856,0.6231884057971014,0.7726678448666833,0.2273321551333167,11,5,0.688,458,369,89,1.0,0.75
186,indianapolis-colts,2015,52,113,108214835.0,35187342.0,0.3151515151515151,0.6848484848484848,0.75462477114277,0.24537522885722998,8,8,0.5,333,408,-75,0.667,0.5
187,indianapolis-colts,2016,53,90,114015686.0,38466657.0,0.3706293706293706,0.6293706293706294,0.7477304175474271,0.25226958245257286,8,8,0.5,411,392,19,0.5,0.417
188,indianapolis-colts,2017,53,111,90264198.0,66010457.0,0.3231707317073171,0.676829268292683,0.5775997265839429,0.4224002734160571,4,12,0.25,263,404,-141,0.333,0.25
189,indianapolis-colts,2018,52,115,116290378.0,27957466.0,0.31137724550898205,0.688622754491018,0.8061845139259066,0.1938154860740934,10,6,0.625,433,344,89,0.667,0.583
190,indianapolis-colts,2019,53,79,142403804.0,53696768.0,0.4015151515151515,0.5984848484848485,0.7261774024810086,0.2738225975189914,7,9,0.438,361,373,-12,0.5,0.417
191,indianapolis-colts,2020,53,82,187851538.0,43533980.0,0.3925925925925926,0.6074074074074074,0.8118552086738635,0.18814479132613648,11,5,0.688,451,362,89,0.667,0.583
192,indianapolis-colts,2021,57,76,170696313.0,16621433.0,0.42857142857142855,0.5714285714285714,0.9112661060954684,0.08873389390453161,9,8,0.529,451,365,86,0.5,0.583
193,indianapolis-colts,2022,53,96,147156772.0,58654445.0,0.35570469798657717,0.6442953020134228,0.7150085119024392,0.2849914880975608,4,12,0.265,289,427,-138,0.25,0.375
194,indianapolis-colts,2023,52,114,150648067.0,73225253.0,0.3132530120481928,0.6867469879518072,0.6729165717469148,0.3270834282530853,9,8,0.529,396,415,-19,0.5,0.583
195,indianapolis-colts,2024,53,103,199356329.0,50959762.0,0.33974358974358976,0.6602564102564102,0.7964183533051417,0.20358164669485831,8,9,0.471,377,427,-50,0.5,0.583
196,jacksonville-jaguars,2011,67,16,86274323.0,6981332.0,0.8072289156626506,0.1927710843373494,0.9251377088070423,0.07486229119295768,5,11,0.313,243,329,-86,0.5,0.333
197,jacksonville-jaguars,2012,57,46,94060155.0,35453868.0,0.5533980582524272,0.44660194174757284,0.7262546002451025,0.2737453997548976,2,14,0.125,255,444,-189,0.333,0.167
198,jacksonville-jaguars,2013,53,79,66805513.0,53384928.0,0.4015151515151515,0.5984848484848485,0.5558305006968066,0.4441694993031933,4,12,0.25,247,449,-202,0.5,0.333
199,jacksonville-jaguars,2014,53,93,87789968.0,41394406.0,0.363013698630137,0.636986301369863,0.6795711066417367,0.3204288933582633,3,13,0.188,249,412,-163,0.167,0.167
200,jacksonville-jaguars,2015,53,72,107546334.0,28584070.0,0.424,0.576,0.7900243504750049,0.20997564952499517,5,11,0.313,376,448,-72,0.333,0.417
201,jacksonville-jaguars,2016,52,70,109679864.0,40779353.0,0.4262295081967213,0.5737704918032787,0.7289673985210224,0.2710326014789775,3,13,0.188,318,400,-82,0.333,0.167
202,jacksonville-jaguars,2017,53,67,151852626.0,19440330.0,0.44166666666666665,0.5583333333333333,0.886508292845387,0.11349170715461294,10,6,0.625,417,268,149,0.667,0.75
203,jacksonville-jaguars,2018,53,86,140722671.0,57811014.0,0.381294964028777,0.6187050359712231,0.7088100490352557,0.29118995096474437,5,11,0.313,245,316,-71,0.167,0.333
204,jacksonville-jaguars,2019,53,99,122743628.0,67796541.0,0.34868421052631576,0.6513157894736842,0.6441876725741752,0.35581232742582486,6,10,0.375,300,397,-97,0.333,0.5
205,jacksonville-jaguars,2020,54,123,87879404.0,96408848.0,0.3050847457627119,0.6949152542372882,0.47685841634658294,0.523141583653417,1,15,0.063,306,492,-186,0.167,0.083
206,jacksonville-jaguars,2021,58,97,126905443.0,53567826.0,0.3741935483870968,0.6258064516129033,0.7031813836097799,0.2968186163902201,3,14,0.176,253,457,-204,0.167,0.25
207,jacksonville-jaguars,2022,51,86,159988522.0,71244658.0,0.3722627737226277,0.6277372262773723,0.6918925821977624,0.30810741780223755,9,8,0.529,404,350,54,0.667,0.667
208,jacksonville-jaguars,2023,53,74,194030338.0,23749115.0,0.41732283464566927,0.5826771653543307,0.8909487801863475,0.10905121981365248,9,8,0.529,377,371,6,0.667,0.5
209,jacksonville-jaguars,2024,53,101,142873539.0,109209428.0,0.34415584415584416,0.6558441558441559,0.5667718874476751,0.4332281125523249,4,13,0.235,320,435,-115,0.5,0.333
210,kansas-city-chiefs,2011,51,7,102219859.0,1492693.0,0.8793103448275862,0.1206896551724138,0.9856074026603838,0.014392597339616134,7,9,0.438,212,338,-126,0.5,0.333
211,kansas-city-chiefs,2012,59,31,113243727.0,31167747.0,0.6555555555555556,0.34444444444444444,0.7841740262273066,0.21582597377269344,2,14,0.125,211,425,-214,0.0,0.0
212,kansas-city-chiefs,2013,52,72,114803016.0,21828396.0,0.41935483870967744,0.5806451612903226,0.8402388171176918,0.1597611828823082,11,5,0.688,430,305,125,0.333,0.583
213,kansas-city-chiefs,2014,53,85,96516582.0,36201373.0,0.38405797101449274,0.6159420289855072,0.7272307804923607,0.2727692195076393,9,7,0.563,353,281,72,0.5,0.583
214,kansas-city-chiefs,2015,52,77,104438587.0,37005694.0,0.40310077519379844,0.5968992248062015,0.7383726387636698,0.26162736123633024,11,5,0.688,405,287,118,0.833,0.833
215,kansas-city-chiefs,2016,53,82,116014324.0,36496956.0,0.3925925925925926,0.6074074074074074,0.7606933992029966,0.23930660079700333,12,4,0.75,389,311,78,1.0,0.75
216,kansas-city-chiefs,2017,51,74,135438141.0,32340717.0,0.408,0.592,0.8072420006577944,0.19275799934220555,10,6,0.625,415,339,76,0.833,0.667
217,kansas-city-chiefs,2018,52,58,143955068.0,32936777.0,0.4727272727272727,0.5272727272727272,0.8138027391822388,0.18619726081776128,12,4,0.75,565,421,144,0.833,0.833
218,kansas-city-chiefs,2019,53,63,135179512.0,31327490.0,0.45689655172413796,0.5431034482758621,0.8118548191745113,0.18814518082548864,12,4,0.75,451,308,143,1.0,0.75
219,kansas-city-chiefs,2020,51,85,182730257.0,34019110.0,0.375,0.625,0.8430486304488262,0.1569513695511738,14,2,0.875,473,362,111,0.667,0.833
220,kansas-city-chiefs,2021,54,83,160366274.0,24745872.0,0.39416058394160586,0.6058394160583942,0.8663195660861713,0.13368043391382864,12,5,0.706,480,364,116,0.833,0.583
221,kansas-city-chiefs,2022,53,82,181434543.0,23814598.0,0.3925925925925926,0.6074074074074074,0.8839722403515443,0.11602775964845573,14,3,0.824,496,369,127,1.0,0.75
222,kansas-city-chiefs,2023,53,70,194829168.0,22792284.0,0.43089430894308944,0.5691056910569106,0.8952663729125381,0.10473362708746195,11,6,0.647,371,294,77,0.667,0.75
223,kansas-city-chiefs,2024,53,89,220922465.0,29052920.0,0.3732394366197183,0.6267605633802817,0.883776876671277,0.11622312332872295,15,2,0.882,385,326,59,0.833,0.833
224,las-vegas-raiders,2011,52,10,105625393.0,4642669.0,0.8387096774193549,0.16129032258064516,0.9578965212973454,0.04210347870265463,8,8,0.5,359,433,-74,0.5,0.5
225,las-vegas-raiders,2012,60,27,80880556.0,34697923.0,0.6896551724137931,0.3103448275862069,0.6997890671324719,0.30021093286752804,4,12,0.25,290,443,-153,0.333,0.333
226,las-vegas-raiders,2013,54,62,56659660.0,64874573.0,0.46551724137931033,0.5344827586206896,0.4662032959882176,0.5337967040117825,4,12,0.25,322,453,-131,0.167,0.333
227,las-vegas-raiders,2014,55,73,78110193.0,46332263.0,0.4296875,0.5703125,0.6276812231992592,0.3723187768007407,3,13,0.188,253,452,-199,0.167,0.167
228,las-vegas-raiders,2015,54,89,94352516.0,42719322.0,0.3776223776223776,0.6223776223776224,0.6883435531082613,0.3116564468917386,7,9,0.438,359,399,-40,0.5,0.583
229,las-vegas-raiders,2016,53,51,142746501.0,21588595.0,0.5096153846153846,0.49038461538461536,0.868630648440428,0.1313693515595719,12,4,0.75,416,385,31,0.5,0.75
230,las-vegas-raiders,2017,53,48,144377592.0,20064875.0,0.5247524752475248,0.4752475247524752,0.8779824009816151,0.12201759901838495,6,10,0.375,301,373,-72,0.333,0.417
231,las-vegas-raiders,2018,53,95,115252545.0,63617692.0,0.3581081081081081,0.6418918918918919,0.6443360669332595,0.35566393306674043,4,12,0.25,290,467,-177,0.167,0.25
232,las-vegas-raiders,2019,51,92,119270203.0,53875599.0,0.35664335664335667,0.6433566433566433,0.6888425917481962,0.3111574082518039,7,9,0.438,313,419,-106,0.5,0.417
233,las-vegas-raiders,2020,53,87,165917480.0,48228175.0,0.37857142857142856,0.6214285714285714,0.7747879825065794,0.22521201749342054,8,8,0.5,434,478,-44,0.667,0.5
234,las-vegas-raiders,2021,54,97,129494524.0,60436450.0,0.3576158940397351,0.6423841059602649,0.6817978198753406,0.3182021801246594,10,7,0.588,374,439,-65,0.5,0.667
235,las-vegas-raiders,2022,53,117,122209751.0,77456968.0,0.31176470588235294,0.6882352941176471,0.612068709357617,0.3879312906423829,6,11,0.353,395,418,-23,0.5,0.417
236,las-vegas-raiders,2023,52,109,155882148.0,67589621.0,0.32298136645962733,0.6770186335403726,0.6975473846094626,0.3024526153905373,8,9,0.471,332,331,1,0.667,0.5
237,las-vegas-raiders,2024,54,101,111854212.0,114687684.0,0.34838709677419355,0.6516129032258065,0.4937462516867079,0.5062537483132922,4,13,0.235,309,434,-125,0.0,0.25
238,los-angeles-chargers,2011,59,24,110231108.0,11515467.0,0.7108433734939759,0.2891566265060241,0.9054144480039787,0.09458555199602124,8,8,0.5,406,377,29,0.5,0.583
239,los-angeles-chargers,2012,55,31,94427351.0,31540097.0,0.6395348837209303,0.36046511627906974,0.749617083613538,0.250382916386462,7,9,0.438,350,350,0,0.667,0.583
240,los-angeles-chargers,2013,53,59,94062621.0,26389664.0,0.4732142857142857,0.5267857142857143,0.7809118855653091,0.2190881144346909,9,7,0.563,396,348,48,0.667,0.5
241,los-angeles-chargers,2014,54,89,94825621.0,39411104.0,0.3776223776223776,0.6223776223776224,0.7064059481486903,0.2935940518513097,9,7,0.563,348,348,0,0.333,0.5
242,los-angeles-chargers,2015,53,113,91395667.0,49418988.0,0.3192771084337349,0.6807228915662651,0.6490493975928855,0.3509506024071145,4,12,0.25,320,398,-78,0.0,0.25
243,los-angeles-chargers,2016,53,91,101639984.0,53830383.0,0.3680555555555556,0.6319444444444444,0.653757921598011,0.34624207840198895,5,11,0.313,410,423,-13,0.167,0.333
244,los-angeles-chargers,2017,53,68,127034223.0,30604440.0,0.4380165289256198,0.5619834710743802,0.8058570187188152,0.19414298128118482,9,7,0.563,355,272,83,0.5,0.5
245,los-angeles-chargers,2018,53,62,144473149.0,32813561.0,0.4608695652173913,0.5391304347826087,0.8149124601612834,0.18508753983871662,12,4,0.75,428,329,99,0.667,0.75
246,los-angeles-chargers,2019,53,70,155395193.0,28702329.0,0.43089430894308944,0.5691056910569106,0.8440917146076523,0.15590828539234766,5,11,0.313,337,345,-8,0.0,0.25
247,los-angeles-chargers,2020,55,76,134191298.0,61639798.0,0.4198473282442748,0.5801526717557252,0.6852399886481767,0.3147600113518233,7,9,0.438,384,426,-42,0.5,0.5
248,los-angeles-chargers,2021,53,70,159785508.0,23261801.0,0.43089430894308944,0.5691056910569106,0.8729191861542198,0.12708081384578016,9,8,0.529,474,459,15,0.5,0.5
249,los-angeles-chargers,2022,53,88,175316296.0,36813375.0,0.375886524822695,0.624113475177305,0.8264581525702739,0.17354184742972614,10,7,0.588,391,384,7,0.333,0.583
250,los-angeles-chargers,2023,53,91,132544014.0,85970912.0,0.3680555555555556,0.6319444444444444,0.6065673243758186,0.3934326756241814,5,12,0.294,346,398,-52,0.167,0.25
251,los-angeles-chargers,2024,53,121,183462766.0,76379799.0,0.3045977011494253,0.6954022988505747,0.7060535520806609,0.29394644791933916,11,6,0.647,402,301,101,0.667,0.667
252,los-angeles-rams,2011,58,18,104892581.0,3183763.0,0.7631578947368421,0.23684210526315788,0.9705415368232664,0.029458463176733663,2,14,0.125,193,407,-214,0.0,0.083
253,los-angeles-rams,2012,55,38,97024559.0,23074432.0,0.5913978494623656,0.40860215053763443,0.8078715582215008,0.1921284417784992,7,8,0.469,299,348,-49,0.75,0.542
254,los-angeles-rams,2013,53,43,69722934.0,54610123.0,0.5520833333333334,0.4479166666666667,0.5607755144313712,0.4392244855686288,7,9,0.438,348,364,-16,0.167,0.333
255,los-angeles-rams,2014,53,68,91476742.0,39550389.0,0.4380165289256198,0.5619834710743802,0.6981511485586905,0.3018488514413095,6,10,0.375,324,354,-30,0.333,0.333
256,los-angeles-rams,2015,53,83,94007833.0,46679057.0,0.3897058823529412,0.6102941176470589,0.6682060638343772,0.3317939361656228,7,9,0.438,280,330,-50,0.667,0.5
257,los-angeles-rams,2016,53,74,109645297.0,40012353.0,0.41732283464566927,0.5826771653543307,0.7326407771336781,0.2673592228663219,4,12,0.25,224,394,-170,0.333,0.25
258,los-angeles-rams,2017,53,63,137063130.0,19823434.0,0.45689655172413796,0.5431034482758621,0.8736447947193234,0.12635520528067656,11,5,0.688,478,329,149,0.667,0.583
259,los-angeles-rams,2018,53,63,158606483.0,21270209.0,0.45689655172413796,0.5431034482758621,0.8817511665157818,0.11824883348421818,13,3,0.813,527,384,143,1.0,0.75
260,los-angeles-rams,2019,53,49,162333485.0,18643880.0,0.5196078431372549,0.4803921568627451,0.8969822552118604,0.10301774478813966,9,7,0.563,394,364,30,0.5,0.583
261,los-angeles-rams,2020,53,76,153700759.0,42910908.0,0.4108527131782946,0.5891472868217055,0.7817479061402801,0.21825209385971994,10,6,0.625,372,296,76,0.5,0.75
262,los-angeles-rams,2021,54,108,121817079.0,62420376.0,0.3333333333333333,0.6666666666666666,0.6611960580979585,0.3388039419020416,12,5,0.706,460,372,88,0.5,0.667
263,los-angeles-rams,2022,54,104,113511363.0,86758793.0,0.34177215189873417,0.6582278481012658,0.5667912047764121,0.4332087952235879,5,12,0.294,307,384,-77,0.167,0.25
264,los-angeles-rams,2023,52,97,131880407.0,85294151.0,0.348993288590604,0.6510067114093959,0.6072553259208199,0.3927446740791801,10,7,0.588,404,377,27,0.833,0.667
265,los-angeles-rams,2024,53,93,209446790.0,45158044.0,0.363013698630137,0.636986301369863,0.8226347736979731,0.17736522630202692,10,7,0.588,367,386,-19,0.667,0.5
266,miami-dolphins,2011,62,30,113956396.0,18860977.0,0.6739130434782609,0.32608695652173914,0.8579931482306912,0.14200685176930883,6,10,0.375,329,313,16,0.5,0.417
267,miami-dolphins,2012,63,48,89473120.0,32819141.0,0.5675675675675675,0.43243243243243246,0.7316335413898349,0.26836645861016506,7,9,0.438,288,317,-29,0.333,0.417
268,miami-dolphins,2013,53,69,81123929.0,31230441.0,0.4344262295081967,0.5655737704918032,0.7220362590257949,0.2779637409742051,8,8,0.5,317,335,-18,0.333,0.583
269,miami-dolphins,2014,51,104,104746850.0,37709148.0,0.32903225806451614,0.6709677419354839,0.7352926620892438,0.2647073379107561,8,8,0.5,388,373,15,0.5,0.5
270,miami-dolphins,2015,52,112,90566641.0,54312295.0,0.3170731707317073,0.6829268292682927,0.6251194514570427,0.37488054854295727,6,10,0.375,310,389,-79,0.167,0.333
271,miami-dolphins,2016,50,74,98532410.0,52854937.0,0.4032258064516129,0.5967741935483871,0.6508629152474678,0.3491370847525322,10,6,0.625,363,380,-17,0.667,0.583
272,miami-dolphins,2017,53,59,102474406.0,69473277.0,0.4732142857142857,0.5267857142857143,0.5959627033764683,0.4040372966235317,6,10,0.375,281,393,-112,0.333,0.417
273,miami-dolphins,2018,53,68,123506032.0,46753518.0,0.4380165289256198,0.5619834710743802,0.7253985576726827,0.2746014423273173,7,9,0.438,319,433,-114,0.667,0.5
274,miami-dolphins,2019,54,95,60872168.0,114885787.0,0.3624161073825503,0.6375838926174496,0.3463408981971826,0.6536591018028174,5,11,0.313,306,494,-188,0.333,0.333
275,miami-dolphins,2020,53,77,156504710.0,46250443.0,0.4076923076923077,0.5923076923076923,0.7718901723794906,0.22810982762050935,10,6,0.625,404,338,66,0.5,0.583
276,miami-dolphins,2021,55,87,149454584.0,45709358.0,0.3873239436619718,0.6126760563380281,0.7657899428983659,0.23421005710163406,9,8,0.529,341,373,-32,0.667,0.5
277,miami-dolphins,2022,53,89,149787507.0,58771935.0,0.3732394366197183,0.6267605633802817,0.7182005550245,0.2817994449755001,9,8,0.529,397,399,-2,0.5,0.583
278,miami-dolphins,2023,53,93,172821528.0,51154077.0,0.363013698630137,0.636986301369863,0.7716087115826744,0.22839128841732562,11,6,0.647,496,391,105,0.667,0.583
279,miami-dolphins,2024,53,109,138344211.0,99974070.0,0.3271604938271605,0.6728395061728395,0.5805018835294469,0.4194981164705531,8,9,0.471,345,364,-19,0.5,0.5
280,minnesota-vikings,2011,57,19,109353701.0,12299422.0,0.75,0.25,0.898897605777042,0.10110239422295801,3,13,0.188,340,449,-109,0.0,0.25
281,minnesota-vikings,2012,56,35,101179587.0,15015088.0,0.6153846153846154,0.38461538461538464,0.8707764533959925,0.12922354660400745,10,6,0.625,379,348,31,0.667,0.583
282,minnesota-vikings,2013,54,59,117391509.0,11848269.0,0.4778761061946903,0.5221238938053098,0.9083233569157013,0.09167664308429871,5,10,0.344,391,480,-89,0.417,0.375
283,minnesota-vikings,2014,54,87,88042001.0,41978128.0,0.3829787234042553,0.6170212765957447,0.6771413140191547,0.32285868598084533,7,9,0.438,325,343,-18,0.167,0.5
284,minnesota-vikings,2015,53,72,118160753.0,28861726.0,0.424,0.576,0.8036917470286976,0.19630825297130244,11,5,0.688,365,302,63,0.833,0.667
285,minnesota-vikings,2016,53,67,119127210.0,38074676.0,0.44166666666666665,0.5583333333333333,0.7577975877464982,0.24220241225350184,8,8,0.5,327,307,20,0.333,0.417
286,minnesota-vikings,2017,53,58,117742794.0,35810987.0,0.4774774774774775,0.5225225225225225,0.7667853779517159,0.23321462204828416,13,3,0.813,382,252,130,0.833,0.833
287,minnesota-vikings,2018,53,64,179040838.0,17567584.0,0.452991452991453,0.5470085470085471,0.9106468389233092,0.0893531610766908,8,7,0.531,360,341,19,0.583,0.542
288,minnesota-vikings,2019,51,73,177166406.0,13850549.0,0.4112903225806452,0.5887096774193549,0.9274904732933262,0.07250952670667377,10,6,0.625,407,303,104,0.333,0.583
289,minnesota-vikings,2020,52,101,112701789.0,82327618.0,0.33986928104575165,0.6601307189542484,0.57787074643569,0.4221292535643099,7,9,0.438,430,475,-45,0.667,0.417
290,minnesota-vikings,2021,56,93,118144787.0,70475888.0,0.37583892617449666,0.6241610738255033,0.6263618078983123,0.3736381921016877,8,9,0.471,425,426,-1,0.667,0.5
291,minnesota-vikings,2022,54,83,162760165.0,46030194.0,0.39416058394160586,0.6058394160583942,0.7795386998688,0.22046130013120002,13,4,0.765,424,427,-3,0.667,0.667
292,minnesota-vikings,2023,52,105,122035441.0,90702436.0,0.33121019108280253,0.6687898089171974,0.5736422809183153,0.42635771908168474,7,10,0.412,344,362,-18,0.333,0.5
293,minnesota-vikings,2024,52,107,164432512.0,88130755.0,0.3270440251572327,0.6729559748427673,0.6510547394843448,0.3489452605156553,14,3,0.824,432,332,100,0.667,0.75
294,new-england-patriots,2011,64,40,100597539.0,7138918.0,0.6153846153846154,0.38461538461538464,0.9337372120933957,0.06626278790660435,13,3,0.813,513,342,171,0.833,0.833
295,new-england-patriots,2012,63,65,101700267.0,26341383.0,0.4921875,0.5078125,0.7942748863358133,0.2057251136641866,12,4,0.75,557,331,226,1.0,0.917
296,new-england-patriots,2013,53,79,84784241.0,39252844.0,0.4015151515151515,0.5984848484848485,0.6835394511246374,0.31646054887536257,12,4,0.75,444,338,106,0.667,0.75
297,new-england-patriots,2014,54,92,109964588.0,24357248.0,0.3698630136986301,0.6301369863013698,0.8186650158653281,0.1813349841346719,12,4,0.75,468,313,155,0.667,0.75
298,new-england-patriots,2015,52,118,96415003.0,44901419.0,0.3058823529411765,0.6941176470588235,0.6822632616611253,0.3177367383388747,12,4,0.75,465,315,150,0.667,0.75
299,new-england-patriots,2016,53,79,117616342.0,30058546.0,0.4015151515151515,0.5984848484848485,0.7964545874583633,0.20354541254163674,14,2,0.875,441,250,191,0.833,0.917
300,new-england-patriots,2017,52,81,129468455.0,34244972.0,0.39097744360902253,0.6090225563909775,0.7908236811877379,0.20917631881226212,13,3,0.813,458,296,162,0.833,0.833
301,new-england-patriots,2018,52,79,155807993.0,20024672.0,0.3969465648854962,0.6030534351145038,0.8861151766083964,0.1138848233916036,11,5,0.688,436,325,111,0.833,0.667
302,new-england-patriots,2019,53,86,156633955.0,38354592.0,0.381294964028777,0.6187050359712231,0.8032982316648577,0.19670176833514227,12,4,0.75,420,225,195,0.833,0.667
303,new-england-patriots,2020,53,118,103996819.0,82652805.0,0.30994152046783624,0.6900584795321637,0.5571766863028881,0.442823313697112,7,9,0.438,326,353,-27,0.5,0.5
304,new-england-patriots,2021,59,90,147576468.0,52996691.0,0.3959731543624161,0.6040268456375839,0.7357737632282094,0.2642262367717906,10,7,0.588,462,303,159,0.5,0.667
305,new-england-patriots,2022,53,87,161125235.0,46879319.0,0.37857142857142856,0.6214285714285714,0.7746235930969089,0.22537640690309116,8,9,0.471,364,347,17,0.5,0.5
306,new-england-patriots,2023,53,92,122696951.0,99154471.0,0.36551724137931035,0.6344827586206897,0.5530591144914996,0.44694088550850036,4,13,0.235,236,366,-130,0.333,0.333
307,new-england-patriots,2024,53,112,130015616.0,99598323.0,0.3212121212121212,0.6787878787878788,0.5662357283980046,0.4337642716019954,4,13,0.235,289,417,-128,0.333,0.25
308,new-orleans-saints,2011,46,9,96762948.0,7891094.0,0.8363636363636363,0.16363636363636364,0.9245982873743185,0.07540171262568147,13,3,0.813,547,339,208,0.833,0.75
309,new-orleans-saints,2012,56,21,98362462.0,21022102.0,0.7272727272727273,0.2727272727272727,0.8239127296222316,0.17608727037776845,7,9,0.438,461,454,7,0.5,0.417
310,new-orleans-saints,2013,55,45,97150545.0,26643622.0,0.55,0.45,0.7847748189945007,0.21522518100549923,11,5,0.688,414,304,110,0.833,0.75
311,new-orleans-saints,2014,54,83,101345281.0,30426953.0,0.39416058394160586,0.6058394160583942,0.7690943526084562,0.23090564739154382,7,9,0.438,401,424,-23,0.5,0.5
312,new-orleans-saints,2015,53,111,93560943.0,49653084.0,0.3231707317073171,0.676829268292683,0.6532945477470583,0.3467054522529417,7,9,0.438,408,476,-68,0.5,0.417
313,new-orleans-saints,2016,53,84,86319212.0,59969742.0,0.38686131386861317,0.6131386861313869,0.5900596705339762,0.4099403294660238,7,9,0.438,469,454,15,0.333,0.5
314,new-orleans-saints,2017,51,102,97762121.0,63955339.0,0.3333333333333333,0.6666666666666666,0.6045242177313446,0.3954757822686555,11,5,0.688,448,326,122,0.667,0.667
315,new-orleans-saints,2018,51,88,138920060.0,37099464.0,0.3669064748201439,0.6330935251798561,0.7892309719005944,0.21076902809940562,13,3,0.813,504,353,151,0.667,0.75
316,new-orleans-saints,2019,52,76,153202407.0,34685950.0,0.40625,0.59375,0.8153906364724878,0.18460936352751225,13,3,0.813,458,341,117,0.833,0.75
317,new-orleans-saints,2020,53,84,161365733.0,32716535.0,0.38686131386861317,0.6131386861313869,0.8314295513075929,0.1685704486924071,12,4,0.75,482,337,145,1.0,0.833
318,new-orleans-saints,2021,54,110,107680541.0,77629717.0,0.32926829268292684,0.6707317073170732,0.5810824622563528,0.4189175377436472,9,8,0.529,364,335,29,0.667,0.583
319,new-orleans-saints,2022,54,113,131357406.0,75470635.0,0.32335329341317365,0.6766467065868264,0.63510443441274,0.36489556558726,7,10,0.412,330,345,-15,0.333,0.417
320,new-orleans-saints,2023,54,109,138027290.0,82498375.0,0.3312883435582822,0.6687116564417178,0.6259012528088284,0.3740987471911716,9,8,0.529,402,327,75,0.667,0.5
321,new-orleans-saints,2024,52,108,140889092.0,108989184.0,0.325,0.675,0.5638308950074555,0.43616910499254447,5,12,0.294,338,398,-60,0.333,0.333
322,new-york-giants,2011,66,11,121242887.0,4549598.0,0.8571428571428571,0.14285714285714285,0.9638325135241584,0.03616748647584154,9,7,0.563,394,400,-6,0.5,0.417
323,new-york-giants,2012,55,29,115366005.0,10148599.0,0.6547619047619048,0.34523809523809523,0.9191440782460661,0.08085592175393391,9,7,0.563,429,344,85,0.5,0.667
324,new-york-giants,2013,55,64,94626902.0,34629353.0,0.46218487394957986,0.5378151260504201,0.7320876038068719,0.2679123961931281,7,9,0.438,294,383,-89,0.5,0.5
325,new-york-giants,2014,54,73,84943487.0,46991711.0,0.4251968503937008,0.5748031496062992,0.6438273355984958,0.35617266440150414,6,10,0.375,380,400,-20,0.333,0.333
326,new-york-giants,2015,53,101,78694040.0,49627382.0,0.34415584415584416,0.6558441558441559,0.613257231516652,0.386742768483348,6,10,0.375,420,442,-22,0.333,0.333
327,new-york-giants,2016,53,71,127295586.0,27605643.0,0.4274193548387097,0.5725806451612904,0.8217855133996387,0.17821448660036132,11,5,0.688,310,284,26,0.667,0.667
328,new-york-giants,2017,54,87,104596283.0,62833631.0,0.3829787234042553,0.6170212765957447,0.624716817330504,0.37528318266949595,3,13,0.188,246,388,-142,0.167,0.083
329,new-york-giants,2018,53,72,117538663.0,53442119.0,0.424,0.576,0.6874378607064741,0.312562139293526,5,11,0.313,369,412,-43,0.167,0.333
330,new-york-giants,2019,53,97,125098384.0,69514540.0,0.35333333333333333,0.6466666666666666,0.6428061478589161,0.3571938521410839,4,12,0.25,341,451,-110,0.333,0.25
331,new-york-giants,2020,53,117,149574151.0,43045053.0,0.31176470588235294,0.6882352941176471,0.7765277183888685,0.22347228161113156,6,10,0.375,280,357,-77,0.667,0.417
332,new-york-giants,2021,49,120,121896505.0,60624546.0,0.28994082840236685,0.7100591715976331,0.6678490197823812,0.33215098021761885,4,13,0.235,258,416,-158,0.167,0.25
333,new-york-giants,2022,53,122,133245725.0,70421384.0,0.3028571428571429,0.6971428571428572,0.6542329080735368,0.3457670919264632,9,7,0.559,365,371,-6,0.25,0.375
334,new-york-giants,2023,53,101,129927472.0,93510559.0,0.34415584415584416,0.6558441558441559,0.5814921990607768,0.4185078009392233,6,11,0.353,266,407,-141,0.5,0.417
335,new-york-giants,2024,52,132,115949374.0,141875570.0,0.2826086956521739,0.717391304347826,0.44972131943913074,0.5502786805608693,3,14,0.176,273,415,-142,0.0,0.083
336,new-york-jets,2011,70,9,113337718.0,9625723.0,0.8860759493670886,0.11392405063291139,0.9217188221009528,0.07828117789904725,8,8,0.5,377,363,14,0.5,0.5
337,new-york-jets,2012,65,52,103682583.0,30303302.0,0.5555555555555556,0.4444444444444444,0.7738321316458073,0.22616786835419267,6,10,0.375,281,375,-94,0.333,0.333
338,new-york-jets,2013,54,65,80633014.0,42327162.0,0.453781512605042,0.5462184873949579,0.6557652780197712,0.3442347219802288,8,8,0.5,290,387,-97,0.5,0.417
339,new-york-jets,2014,53,66,93006628.0,25338466.0,0.44537815126050423,0.5546218487394958,0.7858933974905626,0.21410660250943736,4,12,0.25,283,401,-118,0.167,0.333
340,new-york-jets,2015,53,81,135479685.0,17530647.0,0.39552238805970147,0.6044776119402985,0.8854283447996179,0.11457165520038215,10,6,0.625,387,314,73,0.5,0.583
341,new-york-jets,2016,54,102,97375558.0,60707741.0,0.34615384615384615,0.6538461538461539,0.6159762518620009,0.38402374813799905,5,11,0.313,275,409,-134,0.333,0.333
342,new-york-jets,2017,53,85,98416921.0,46485399.0,0.38405797101449274,0.6159420289855072,0.6791949293841534,0.32080507061584657,5,11,0.313,298,382,-84,0.333,0.417
343,new-york-jets,2018,52,71,109047126.0,67748921.0,0.42276422764227645,0.5772357723577236,0.6167961775751695,0.3832038224248306,4,12,0.25,333,441,-108,0.167,0.25
344,new-york-jets,2019,53,85,96678757.0,91786146.0,0.38405797101449274,0.6159420289855072,0.5129801648002333,0.4870198351997666,7,9,0.438,276,359,-83,0.333,0.333
345,new-york-jets,2020,53,96,86529089.0,95969660.0,0.35570469798657717,0.6442953020134228,0.47413524462022477,0.5258647553797753,2,14,0.125,243,457,-214,0.0,0.083
346,new-york-jets,2021,55,101,88174985.0,117561655.0,0.3525641025641026,0.6474358974358975,0.42858182674704903,0.571418173252951,4,13,0.235,310,504,-194,0.0,0.333
347,new-york-jets,2022,54,93,153295451.0,49175094.0,0.3673469387755102,0.6326530612244898,0.7571247017683486,0.24287529823165144,7,10,0.412,296,316,-20,0.333,0.417
348,new-york-jets,2023,54,119,143977333.0,78568448.0,0.31213872832369943,0.6878612716763006,0.6469560211523399,0.3530439788476601,7,10,0.412,268,355,-87,0.333,0.333
349,new-york-jets,2024,53,136,156802254.0,101686183.0,0.2804232804232804,0.7195767195767195,0.606612256315357,0.393387743684643,5,12,0.294,338,404,-66,0.333,0.417
350,philadelphia-eagles,2011,63,23,119608063.0,7238732.0,0.7325581395348837,0.26744186046511625,0.9429332684361477,0.05706673156385229,8,8,0.5,396,328,68,0.833,0.5
351,philadelphia-eagles,2012,59,44,89390050.0,28555216.0,0.5728155339805825,0.42718446601941745,0.7578943439747722,0.24210565602522785,4,12,0.25,280,444,-164,0.167,0.167
352,philadelphia-eagles,2013,53,58,108049086.0,18948698.0,0.4774774774774775,0.5225225225225225,0.8507950500931575,0.14920494990684247,10,6,0.625,442,382,60,0.667,0.75
353,philadelphia-eagles,2014,53,67,116673474.0,18108328.0,0.44166666666666665,0.5583333333333333,0.8656470849083914,0.13435291509160857,10,6,0.625,474,400,74,0.667,0.5
354,philadelphia-eagles,2015,53,86,123889910.0,26435286.0,0.381294964028777,0.6187050359712231,0.8241460067678874,0.1758539932321126,7,9,0.438,377,430,-53,0.5,0.333
355,philadelphia-eagles,2016,52,90,119020957.0,32936937.0,0.36619718309859156,0.6338028169014085,0.783249582282313,0.21675041771768697,7,9,0.438,367,331,36,0.333,0.417
356,philadelphia-eagles,2017,53,82,130626348.0,41940588.0,0.3925925925925926,0.6074074074074074,0.756960464315134,0.24303953568486608,13,3,0.813,457,295,162,0.833,0.833
357,philadelphia-eagles,2018,53,89,136119127.0,35437547.0,0.3732394366197183,0.6267605633802817,0.7934353343781892,0.20656466562181078,9,7,0.563,367,348,19,0.667,0.5
358,philadelphia-eagles,2019,52,86,118556337.0,51806062.0,0.37681159420289856,0.6231884057971014,0.6959067123726052,0.30409328762739485,9,7,0.563,385,354,31,0.833,0.583
359,philadelphia-eagles,2020,52,100,140155537.0,60437922.0,0.34210526315789475,0.6578947368421053,0.6987044228595709,0.3012955771404291,4,11,0.281,334,418,-84,0.333,0.333
360,philadelphia-eagles,2021,62,84,101610988.0,87570464.0,0.4246575342465753,0.5753424657534246,0.537108616758053,0.462891383241947,9,8,0.529,444,385,59,0.5,0.583
361,philadelphia-eagles,2022,53,93,145718346.0,73727235.0,0.363013698630137,0.636986301369863,0.6640295299452852,0.33597047005471486,14,3,0.824,477,344,133,0.667,0.75
362,philadelphia-eagles,2023,53,108,160037713.0,72149399.0,0.32919254658385094,0.6708074534161491,0.6892618269010555,0.3107381730989444,11,6,0.647,433,428,5,0.667,0.583
363,philadelphia-eagles,2024,53,114,168537098.0,82331356.0,0.31736526946107785,0.6826347305389222,0.6718146315837702,0.3281853684162298,14,3,0.824,463,303,160,0.833,0.75
364,pittsburgh-steelers,2011,69,23,112245403.0,12074620.0,0.75,0.25,0.9028746962184845,0.09712530378151554,12,4,0.75,325,227,98,0.667,0.75
365,pittsburgh-steelers,2012,56,59,93010135.0,32048994.0,0.48695652173913045,0.5130434782608696,0.7437292722548867,0.2562707277451133,8,8,0.5,336,314,22,0.5,0.417
366,pittsburgh-steelers,2013,54,65,96309954.0,29149390.0,0.453781512605042,0.5462184873949579,0.7676586767423238,0.2323413232576762,8,8,0.5,379,370,9,0.667,0.5
367,pittsburgh-steelers,2014,53,63,113996593.0,17951054.0,0.45689655172413796,0.5431034482758621,0.8639532086540354,0.13604679134596467,11,5,0.688,436,368,68,0.667,0.75
368,pittsburgh-steelers,2015,53,78,95331909.0,43528532.0,0.40458015267175573,0.5954198473282443,0.6865303632443455,0.31346963675565453,10,6,0.625,423,319,104,0.5,0.583
369,pittsburgh-steelers,2016,53,74,120047251.0,31372722.0,0.41732283464566927,0.5826771653543307,0.7928098824849216,0.2071901175150784,11,5,0.688,399,327,72,0.833,0.75
370,pittsburgh-steelers,2017,53,48,145814413.0,17565770.0,0.5247524752475248,0.4752475247524752,0.8924853083314273,0.1075146916685728,13,3,0.813,406,308,98,1.0,0.833
371,pittsburgh-steelers,2018,53,42,130326198.0,31358918.0,0.5578947368421052,0.4421052631578947,0.8060494448975749,0.19395055510242515,9,6,0.594,428,360,68,0.75,0.542
372,pittsburgh-steelers,2019,53,79,129754417.0,76650512.0,0.4015151515151515,0.5984848484848485,0.6286401086865517,0.3713598913134482,8,8,0.5,289,303,-14,0.5,0.5
373,pittsburgh-steelers,2020,54,80,146851577.0,47818376.0,0.40298507462686567,0.5970149253731343,0.7543618043612513,0.2456381956387486,12,4,0.75,416,312,104,0.667,0.75
374,pittsburgh-steelers,2021,53,93,124164123.0,51743007.0,0.363013698630137,0.636986301369863,0.7058504280070967,0.2941495719929033,9,7,0.559,343,398,-55,0.667,0.583
375,pittsburgh-steelers,2022,53,91,158603136.0,52055456.0,0.3680555555555556,0.6319444444444444,0.7528918450190724,0.2471081549809276,9,8,0.529,308,346,-38,0.5,0.417
376,pittsburgh-steelers,2023,54,96,194442075.0,31858465.0,0.36,0.64,0.8592205524564811,0.1407794475435189,10,7,0.588,304,324,-20,0.833,0.583
377,pittsburgh-steelers,2024,51,97,182613866.0,65198625.0,0.34459459459459457,0.6554054054054054,0.7369033952368447,0.2630966047631554,10,7,0.588,380,347,33,0.5,0.583
378,san-francisco-49ers,2011,65,21,108064664.0,6245894.0,0.7558139534883721,0.2441860465116279,0.9453603052134519,0.054639694786548065,13,3,0.813,380,229,151,0.833,0.833
379,san-francisco-49ers,2012,57,43,130707457.0,7909385.0,0.57,0.43,0.9429406637326221,0.057059336267377955,11,4,0.719,397,273,124,0.583,0.625
380,san-francisco-49ers,2013,51,64,108616465.0,13567210.0,0.4434782608695652,0.5565217391304348,0.8889605342121196,0.11103946578788042,12,4,0.75,406,272,134,0.833,0.75
381,san-francisco-49ers,2014,54,79,98126936.0,33380887.0,0.40601503759398494,0.5939849624060151,0.7461680511584471,0.25383194884155297,8,8,0.5,306,340,-34,0.333,0.583
382,san-francisco-49ers,2015,52,76,74501722.0,62238737.0,0.40625,0.59375,0.544840367985016,0.45515963201498394,5,11,0.313,238,387,-149,0.167,0.333
383,san-francisco-49ers,2016,53,86,84921427.0,49080756.0,0.381294964028777,0.6187050359712231,0.6337316683863277,0.3662683316136723,2,14,0.125,309,480,-171,0.333,0.167
384,san-francisco-49ers,2017,53,94,78589073.0,66775748.0,0.36054421768707484,0.6394557823129252,0.5406333696101067,0.4593666303898933,6,10,0.375,331,383,-52,0.167,0.25
385,san-francisco-49ers,2018,54,84,99114405.0,100198546.0,0.391304347826087,0.6086956521739131,0.4972803046802513,0.5027196953197487,4,12,0.25,342,435,-93,0.167,0.167
386,san-francisco-49ers,2019,53,74,166552577.0,54097764.0,0.41732283464566927,0.5826771653543307,0.7548258309739028,0.24517416902609726,13,3,0.813,479,310,169,0.833,0.833
387,san-francisco-49ers,2020,55,119,101109577.0,101549496.0,0.3160919540229885,0.6839080459770115,0.4989146328523865,0.5010853671476134,6,10,0.375,376,390,-14,0.5,0.333
388,san-francisco-49ers,2021,55,99,138172427.0,56928587.0,0.35714285714285715,0.6428571428571429,0.7082096815755146,0.2917903184244855,10,7,0.588,427,365,62,0.333,0.583
389,san-francisco-49ers,2022,52,87,161396139.0,43791318.0,0.37410071942446044,0.6258992805755396,0.7865789720275153,0.2134210279724847,13,4,0.765,450,277,173,1.0,0.833
390,san-francisco-49ers,2023,52,91,153107685.0,44597779.0,0.36363636363636365,0.6363636363636364,0.7744231337986693,0.2255768662013307,12,5,0.706,491,298,193,0.833,0.833
391,san-francisco-49ers,2024,53,119,138201567.0,107502682.0,0.3081395348837209,0.6918604651162791,0.5624712131046623,0.43752878689533775,6,11,0.353,389,436,-47,0.167,0.333
392,seattle-seahawks,2011,64,24,86281574.0,20367562.0,0.7272727272727273,0.2727272727272727,0.8090227191338897,0.19097728086611035,7,9,0.438,321,315,6,0.5,0.5
393,seattle-seahawks,2012,56,24,92835125.0,33650935.0,0.7,0.3,0.7339553860717932,0.2660446139282068,11,5,0.688,412,245,167,0.5,0.667
394,seattle-seahawks,2013,54,57,101503464.0,32222089.0,0.4864864864864865,0.5135135135135135,0.7590431426370695,0.2409568573629305,13,3,0.813,417,231,186,0.667,0.833
395,seattle-seahawks,2014,54,85,96775515.0,33658568.0,0.38848920863309355,0.6115107913669064,0.7419495945703087,0.25805040542969127,12,4,0.75,394,254,140,0.833,0.833
396,seattle-seahawks,2015,53,104,114840985.0,32523614.0,0.3375796178343949,0.6624203821656051,0.7792983238803507,0.22070167611964933,10,6,0.625,423,277,146,0.5,0.583
397,seattle-seahawks,2016,51,92,120240932.0,30060413.0,0.35664335664335667,0.6433566433566433,0.7999990419247412,0.20000095807525875,10,5,0.656,354,292,62,0.583,0.542
398,seattle-seahawks,2017,53,80,126625244.0,40742358.0,0.39849624060150374,0.6015037593984962,0.7565696257033067,0.24343037429669334,9,7,0.563,366,332,34,0.667,0.583
399,seattle-seahawks,2018,53,85,124852499.0,50380380.0,0.38405797101449274,0.6159420289855072,0.7124947082562058,0.28750529174379424,10,6,0.625,428,347,81,0.5,0.667
400,seattle-seahawks,2019,51,86,131014550.0,53879814.0,0.3722627737226277,0.6277372262773723,0.7085913662571132,0.29140863374288684,11,5,0.688,405,398,7,0.5,0.667
401,seattle-seahawks,2020,52,112,166465242.0,34428568.0,0.3170731707317073,0.6829268292682927,0.8286230521487944,0.17137694785120558,12,4,0.75,459,371,88,0.667,0.75
402,seattle-seahawks,2021,57,95,137955994.0,34747131.0,0.375,0.625,0.7988042717814168,0.2011957282185832,7,10,0.412,395,366,29,0.5,0.333
403,seattle-seahawks,2022,53,117,120909675.0,94886891.0,0.31176470588235294,0.6882352941176471,0.5602947129381104,0.43970528706188955,9,8,0.529,407,401,6,0.667,0.5
404,seattle-seahawks,2023,54,109,165990770.0,48987208.0,0.3312883435582822,0.6687116564417178,0.7721291805991403,0.22787081940085974,9,8,0.529,364,402,-38,0.333,0.583
405,seattle-seahawks,2024,52,130,170968666.0,82394375.0,0.2857142857142857,0.7142857142857143,0.6747971816457634,0.3252028183542366,10,7,0.588,375,368,7,0.667,0.5
406,tampa-bay-buccaneers,2011,54,13,81935451.0,5778848.0,0.8059701492537313,0.19402985074626866,0.9341173780571398,0.0658826219428602,4,12,0.25,287,494,-207,0.333,0.25
407,tampa-bay-buccaneers,2012,58,31,95377285.0,42682917.0,0.651685393258427,0.34831460674157305,0.6908383706406572,0.3091616293593428,7,9,0.438,389,394,-5,0.5,0.333
408,tampa-bay-buccaneers,2013,51,57,91995376.0,35718957.0,0.4722222222222222,0.5277777777777778,0.7203214693216932,0.2796785306783069,4,12,0.25,288,389,-101,0.167,0.167
409,tampa-bay-buccaneers,2014,53,94,94061905.0,43054987.0,0.36054421768707484,0.6394557823129252,0.6859979367093589,0.3140020632906411,2,14,0.125,277,410,-133,0.0,0.083
410,tampa-bay-buccaneers,2015,53,113,86632966.0,46934316.0,0.3192771084337349,0.6807228915662651,0.6486091855938193,0.3513908144061807,6,10,0.375,342,417,-75,0.5,0.417
411,tampa-bay-buccaneers,2016,54,87,120636046.0,35089052.0,0.3829787234042553,0.6170212765957447,0.774673110175214,0.225326889824786,9,7,0.563,354,369,-15,0.667,0.583
412,tampa-bay-buccaneers,2017,53,72,125106587.0,28649541.0,0.424,0.576,0.8136689485312741,0.18633105146872586,5,11,0.313,335,382,-47,0.167,0.25
413,tampa-bay-buccaneers,2018,53,71,157768609.0,32132277.0,0.4274193548387097,0.5725806451612904,0.830794486129991,0.169205513870009,5,11,0.313,396,464,-68,0.333,0.333
414,tampa-bay-buccaneers,2019,53,65,150155466.0,34784512.0,0.4491525423728814,0.5508474576271186,0.8119145877696601,0.18808541223033995,7,9,0.438,458,449,9,0.333,0.417
415,tampa-bay-buccaneers,2020,54,81,185308315.0,14533308.0,0.4,0.6,0.9272758708529905,0.07272412914700958,11,5,0.688,492,355,137,0.667,0.667
416,tampa-bay-buccaneers,2021,57,84,149094323.0,32024876.0,0.40425531914893614,0.5957446808510638,0.8231834273957892,0.17681657260421077,13,4,0.765,511,353,158,0.667,0.667
417,tampa-bay-buccaneers,2022,53,89,158812989.0,44147784.0,0.3732394366197183,0.6267605633802817,0.782481198965477,0.21751880103452306,8,9,0.471,313,358,-45,0.667,0.667
418,tampa-bay-buccaneers,2023,53,88,128436935.0,95243824.0,0.375886524822695,0.624113475177305,0.5741975106584827,0.4258024893415173,9,8,0.529,348,325,23,0.667,0.583
419,tampa-bay-buccaneers,2024,53,109,139250589.0,105229356.0,0.3271604938271605,0.6728395061728395,0.5695787807871112,0.43042121921288884,10,7,0.588,502,385,117,0.667,0.667
420,tennessee-titans,2011,59,9,110414324.0,3526209.0,0.8676470588235294,0.1323529411764706,0.9690521984832211,0.030947801516778933,9,7,0.563,325,317,8,0.5,0.583
421,tennessee-titans,2012,55,26,91480384.0,28414483.0,0.6790123456790124,0.32098765432098764,0.7630050083795498,0.23699499162045026,6,10,0.375,330,471,-141,0.167,0.417
422,tennessee-titans,2013,54,55,110121914.0,17336659.0,0.4954128440366973,0.5045871559633027,0.8639820092760649,0.13601799072393506,7,9,0.438,362,381,-19,0.333,0.5
423,tennessee-titans,2014,54,77,90812712.0,36788838.0,0.4122137404580153,0.5877862595419847,0.7116897247721521,0.2883102752278479,2,14,0.125,254,438,-184,0.167,0.167
424,tennessee-titans,2015,54,76,90472606.0,38190065.0,0.4153846153846154,0.5846153846153846,0.7031768056486252,0.29682319435137483,3,13,0.188,299,423,-124,0.167,0.083
425,tennessee-titans,2016,53,72,116118046.0,34344677.0,0.424,0.576,0.7717396288248751,0.22826037117512488,9,7,0.563,381,378,3,0.333,0.5
426,tennessee-titans,2017,53,65,149109415.0,12142677.0,0.4491525423728814,0.5508474576271186,0.9246975536912724,0.07530244630872758,9,7,0.563,334,356,-22,0.833,0.667
427,tennessee-titans,2018,53,91,117854426.0,64544285.0,0.3680555555555556,0.6319444444444444,0.6461362876626908,0.35386371233730923,9,7,0.563,310,303,7,0.5,0.417
428,tennessee-titans,2019,52,89,152774763.0,44311422.0,0.36879432624113473,0.6312056737588653,0.7751672853173347,0.22483271468266536,9,7,0.563,402,331,71,0.5,0.583
429,tennessee-titans,2020,51,106,135619326.0,80994682.0,0.3248407643312102,0.6751592356687898,0.6260875150788956,0.37391248492110446,11,5,0.688,491,439,52,0.833,0.667
430,tennessee-titans,2021,56,114,141092116.0,43324618.0,0.32941176470588235,0.6705882352941176,0.7650721978407882,0.23492780215921186,12,5,0.706,419,354,65,0.833,0.667
431,tennessee-titans,2022,51,130,78943246.0,130850628.0,0.281767955801105,0.7182320441988951,0.37628956696800403,0.6237104330319959,7,10,0.412,298,359,-61,0.5,0.417
432,tennessee-titans,2023,53,129,128983277.0,92507033.0,0.29120879120879123,0.7087912087912088,0.5823427535046567,0.4176572464953433,6,11,0.353,305,367,-62,0.167,0.333
433,tennessee-titans,2024,53,118,142042127.0,103132573.0,0.30994152046783624,0.6900584795321637,0.5793506711744727,0.42064932882552725,3,14,0.176,311,460,-149,0.167,0.25
434,washington-commanders,2011,66,27,101721110.0,24252186.0,0.7096774193548387,0.2903225806451613,0.8074815316414361,0.19251846835856387,5,11,0.313,288,367,-79,0.333,0.417
435,washington-commanders,2012,60,36,89330238.0,26045731.0,0.625,0.375,0.7742534149377328,0.22574658506226716,10,6,0.625,436,388,48,0.833,0.667
436,washington-commanders,2013,53,45,88700032.0,18685188.0,0.5408163265306123,0.45918367346938777,0.8259985126444775,0.17400148735552248,3,13,0.188,334,478,-144,0.0,0.083
437,washington-commanders,2014,53,91,89595971.0,42815741.0,0.3680555555555556,0.6319444444444444,0.6766468739562856,0.3233531260437143,4,12,0.25,301,438,-137,0.333,0.167
438,washington-commanders,2015,52,95,97790178.0,41999354.0,0.35374149659863946,0.6462585034013606,0.6995529393431262,0.30044706065687377,9,7,0.563,388,379,9,0.667,0.667
439,washington-commanders,2016,53,86,117003811.0,29112315.0,0.381294964028777,0.6187050359712231,0.8007590551641097,0.19924094483589033,8,7,0.531,396,383,13,0.5,0.5
440,washington-commanders,2017,54,82,114359646.0,60448324.0,0.39705882352941174,0.6029411764705882,0.6542015561418624,0.34579844385813757,7,9,0.438,342,388,-46,0.167,0.417
441,washington-commanders,2018,53,80,102905158.0,69890178.0,0.39849624060150374,0.6015037593984962,0.5955320344988941,0.40446796550110586,7,9,0.438,281,359,-78,0.333,0.5
442,washington-commanders,2019,53,85,78588363.0,102039583.0,0.38405797101449274,0.6159420289855072,0.4350841868068411,0.564915813193159,3,13,0.188,266,435,-169,0.0,0.167
443,washington-commanders,2020,53,94,131896856.0,61238549.0,0.36054421768707484,0.6394557823129252,0.6829242727401534,0.3170757272598465,7,9,0.438,335,329,6,0.667,0.417
444,washington-commanders,2021,56,97,108019140.0,85547578.0,0.3660130718954248,0.6339869281045751,0.5580460376457899,0.4419539623542101,7,10,0.412,335,434,-99,0.333,0.5
445,washington-commanders,2022,53,86,160094196.0,47974051.0,0.381294964028777,0.6187050359712231,0.7694311761082891,0.23056882389171088,8,8,0.5,321,343,-22,0.417,0.458
446,washington-commanders,2023,53,103,133719895.0,85438357.0,0.33974358974358976,0.6602564102564102,0.6101522246125599,0.38984777538744014,4,13,0.235,329,518,-189,0.0,0.167
447,washington-commanders,2024,53,102,186228005.0,54404451.0,0.3419354838709677,0.6580645161290323,0.7739105858604544,0.22608941413954567,12,5,0.706,485,391,94,0.667,0.75
